date,avg_wage,inflation_cpi,real_wage,unemployment_rate,average_inflation
2010-01-01,"3360,44","103,5","3246,80193236715",,
2010-01-01,"3360,44","100,6","3340,39761431412",,
2010-01-01,"3360,44","100,6","3340,39761431412",,
2010-01-01,"3360,44","103,5","3246,80193236715",,
2010-02-01,"3375,96","100,9","3345,84737363726",,
2010-02-01,"3375,96","100,2","3369,22155688623",,
2010-02-01,"3375,96","103,2","3271,27906976744",,
2010-02-01,"3375,96","102,9","3280,81632653061",,
2010-03-01,"3400,32",103,"3301,28155339806",,
2010-03-01,"3400,32","101,2",3360,,
2010-03-01,"3400,32","102,6","3314,15204678363",,
2010-03-01,"3400,32","100,3","3390,14955134596",,
2010-04-01,"3387,11","102,4","3307,724609375",,
2010-04-01,"3387,11","100,4","3373,61553784861",,
2010-04-01,"3387,11","101,6","3333,76968503937",,
2010-04-01,"3387,11","102,8","3294,85408560311",,
2010-05-01,"3429,59","100,3","3419,33200398804",,
2010-05-01,"3429,59","102,2","3355,76320939335",,
2010-05-01,"3429,59","102,7","3339,42551119766",,
2010-05-01,"3429,59","101,9","3365,64278704612",,
2010-06-01,"3411,64","102,3","3334,93646138807",,
2010-06-01,"3411,64","102,6","3325,18518518518",,
2010-06-01,"3411,64","102,2","3338,19960861057",,
2010-06-01,"3411,64","100,3","3401,43569292124",,
2010-07-01,"3421,43",102,"3354,3431372549",,
2010-07-01,"3421,43","99,8","3428,28657314629",,
2010-07-01,"3421,43",102,"3354,3431372549",,
2010-07-01,"3421,43","102,6","3334,72709551657",,
2010-08-01,"3447,19",102,"3379,59803921569",,
2010-08-01,"3447,19","101,5","3396,24630541872",,
2010-08-01,"3447,19","102,5","3363,11219512195",,
2010-08-01,"3447,19","99,6","3461,03413654619",,
2010-09-01,"3461,3","102,5","3376,87804878049",,
2010-09-01,"3461,3","102,1","3390,10773751224",,
2010-09-01,"3461,3","100,6","3440,65606361829",,
2010-09-01,"3461,3","102,5","3376,87804878049",,
2010-10-01,"3476,28","102,8","3381,5953307393",,
2010-10-01,"3476,28","102,5","3391,49268292683",,
2010-10-01,"3476,28","102,6","3388,18713450292",,
2010-10-01,"3476,28","100,5","3458,98507462687",,
2010-11-01,"3488,28","102,5","3403,2",,
2010-11-01,"3488,28","102,7","3396,57254138267",,
2010-11-01,"3488,28","100,1","3484,79520479521",,
2010-11-01,"3488,28","102,8","3393,26848249027",,
2010-12-01,"3508,1","100,4","3494,1235059761",,
2010-12-01,"3508,1","103,1","3402,61881668283",,
2010-12-01,"3508,1","103,1","3402,61881668283",,
2010-12-01,"3508,1","102,6","3419,2007797271",,
2011-01-01,"3518,65","103,6","3396,38030888031",,
2011-01-01,"3518,65","103,6","3396,38030888031",,
2011-01-01,"3518,65","101,2","3476,92687747036",,
2011-01-01,"3518,65","101,2","3476,92687747036",,
2011-02-01,"3524,36","101,4","3475,70019723866",,
2011-02-01,"3524,36","103,6","3401,89189189189",,
2011-02-01,"3524,36","100,2","3517,3253493014",,
2011-02-01,"3524,36","103,6","3401,89189189189",,
2011-03-01,"3545,94","103,8","3416,12716763006",,
2011-03-01,"3545,94","102,3","3466,21700879765",,
2011-03-01,"3545,94","100,9","3514,31119920714",,
2011-03-01,"3545,94","104,3","3399,75071907958",,
2011-04-01,"3581,23",104,"3443,49038461538",,
2011-04-01,"3581,23","102,9","3480,30126336249",,
2011-04-01,"3581,23","100,5","3563,41293532338",,
2011-04-01,"3581,23","104,5","3427,01435406699",,
2011-05-01,"3568,72","104,2","3424,87523992322",,
2011-05-01,"3568,72","103,5","3448,038647343",,
2011-05-01,"3568,72","100,6","3547,43538767396",,
2011-05-01,"3568,72",105,"3398,78095238095",,
2011-06-01,"3590,44","103,1","3482,48302618817",,
2011-06-01,"3590,44","99,6","3604,859437751",,
2011-06-01,"3590,44","104,2","3445,7197696737",,
2011-06-01,"3590,44","104,2","3445,7197696737",,
2011-07-01,"3620,81","102,8","3522,18871595331",,
2011-07-01,"3620,81","104,2","3474,86564299424",,
2011-07-01,"3620,81","99,7","3631,70511534604",,
2011-07-01,"3620,81","104,1","3478,20365033622",,
2011-08-01,"3629,64","102,7","3534,21616358325",,
2011-08-01,"3629,64","104,2","3483,33973128599",,
2011-08-01,"3629,64",100,"3629,64",,
2011-08-01,"3629,64","104,3",3480,,
2011-09-01,"3641,1","102,8","3541,92607003891",,
2011-09-01,"3641,1","100,1","3637,46253746254",,
2011-09-01,"3641,1","103,9","3504,42733397498",,
2011-09-01,"3641,1","104,2","3494,33781190019",,
2011-10-01,"3653,79","100,7","3628,3912611718",,
2011-10-01,"3653,79","103,5","3530,23188405797",,
2011-10-01,"3653,79","104,3","3503,15436241611",,
2011-10-01,"3653,79","104,2","3506,51631477927",,
2011-11-01,"3654,78","104,2","3507,46641074856",,
2011-11-01,"3654,78","104,8","3487,38549618321",,
2011-11-01,"3654,78","104,2","3507,46641074856",,
2011-11-01,"3654,78","100,7","3629,37437934459",,
2011-12-01,"3670,92","104,6","3509,48374760994",,
2011-12-01,"3670,92","104,6","3509,48374760994",,
2011-12-01,"3670,92","104,3","3519,57813998082",,
2011-12-01,"3670,92","100,4","3656,29482071713",,
2012-01-01,"3782,37","104,1","3633,40057636888",,
2012-01-01,"3782,37","100,7","3756,07745779543",,
2012-01-01,"3782,37","100,7","3756,07745779543",,
2012-01-01,"3782,37","104,1","3633,40057636888",,
2012-02-01,"3668,53","100,4","3653,91434262948",,
2012-02-01,"3668,53","101,1","3628,61523244313",,
2012-02-01,"3668,53","104,2","3520,66218809981",,
2012-02-01,"3668,53","104,3","3517,28667305849",,
2012-03-01,"3696,68","101,7","3634,88692232055",,
2012-03-01,"3696,68","103,9","3557,92107795958",,
2012-03-01,"3696,68","104,1","3551,08549471662",,
2012-03-01,"3696,68","100,5","3678,28855721393",,
2012-04-01,"3698,98","100,6","3676,91848906561",,
2012-04-01,"3698,98",104,"3556,71153846154",,
2012-04-01,"3698,98","102,2","3619,3542074364",,
2012-04-01,"3698,98","104,1","3553,29490874159",,
2012-05-01,"3710,41",104,"3567,70192307692",,
2012-05-01,"3710,41","102,4","3623,447265625",,
2012-05-01,"3710,41","100,2","3703,00399201597",,
2012-05-01,"3710,41","103,6","3581,47683397683",,
2012-06-01,"3743,59","100,2","3736,11776447106",,
2012-06-01,"3743,59","102,6","3648,72319688109",,
2012-06-01,"3743,59",104,"3599,60576923077",,
2012-06-01,"3743,59","104,3","3589,25215723873",,
2012-07-01,"3712,59","99,5","3731,24623115578",,
2012-07-01,"3712,59",104,"3569,79807692308",,
2012-07-01,"3712,59",104,"3569,79807692308",,
2012-07-01,"3712,59","102,1","3636,2291870715",,
2012-08-01,"3732,91","101,8","3666,90569744597",,
2012-08-01,"3732,91","99,7","3744,14242728185",,
2012-08-01,"3732,91","103,8","3596,25240847784",,
2012-08-01,"3732,91",104,"3589,33653846154",,
2012-09-01,"3735,9","100,1","3732,16783216783",,
2012-09-01,"3735,9","103,8","3599,13294797688",,
2012-09-01,"3735,9",104,"3592,21153846154",,
2012-09-01,"3735,9","101,9","3666,24141315015",,
2012-10-01,"3739,75","102,3","3655,66959921799",,
2012-10-01,"3739,75","103,4","3616,77949709865",,
2012-10-01,"3739,75","100,4","3724,85059760956",,
2012-10-01,"3739,75","103,9","3599,37439846006",,
2012-11-01,"3747,99","102,8","3645,9046692607",,
2012-11-01,"3747,99","103,8","3610,78034682081",,
2012-11-01,"3747,99","100,1","3744,24575424575",,
2012-11-01,"3747,99","102,3","3663,72434017595",,
2012-12-01,"3778,64","102,4","3690,078125",,
2012-12-01,"3778,64","103,7","3643,81870781099",,
2012-12-01,"3778,64","100,1","3774,86513486514",,
2012-12-01,"3778,64","102,4","3690,078125",,
2013-01-01,"3774,56","100,1","3770,78921078921",,
2013-01-01,"3774,56","101,7","3711,465093412",,
2013-01-01,"3774,56","100,1","3770,78921078921",,
2013-01-01,"3774,56","101,7","3711,465093412",,
2013-02-01,"3789,31",100,"3789,31",,
2013-02-01,"3789,31",100,"3789,31",,
2013-02-01,"3789,31","101,3","3740,68114511352",,
2013-02-01,"3789,31","101,5","3733,31034482759",,
2013-03-01,"3770,21","101,3","3721,82625863771",,
2013-03-01,"3770,21",101,"3732,88118811881",,
2013-03-01,"3770,21","100,2","3762,68463073852",,
2013-03-01,"3770,21","100,2","3762,68463073852",,
2013-04-01,"3795,99","101,2","3750,97826086956",,
2013-04-01,"3795,99","100,4","3780,86653386454",,
2013-04-01,"3795,99","100,8","3765,8630952381",,
2013-04-01,"3795,99","100,6","3773,34990059642",,
2013-05-01,"3801,51","100,5","3782,59701492537",,
2013-05-01,"3801,51","100,5","3782,59701492537",,
2013-05-01,"3801,51",101,"3763,87128712871",,
2013-05-01,"3801,51","99,9","3805,31531531532",,
2013-06-01,"3814,6","100,9","3780,57482656095",,
2013-06-01,"3814,6","100,2","3806,98602794411",,
2013-06-01,"3814,6",100,"3814,6",,
2013-06-01,"3814,6","100,5","3795,62189054726",,
2013-07-01,"3833,56","100,8","3803,13492063492",,
2013-07-01,"3833,56","100,3","3822,09371884347",,
2013-07-01,"3833,56","101,1","3791,84965380811",,
2013-07-01,"3833,56","100,9","3799,3657086224",,
2013-08-01,"3835,27","99,7","3846,81043129388",,
2013-08-01,"3835,27","101,1","3793,54104846686",,
2013-08-01,"3835,27","100,5","3816,18905472637",,
2013-08-01,"3835,27","100,9","3801,06045589693",,
2013-09-01,"3857,68",101,"3819,48514851485",,
2013-09-01,"3857,68",101,"3819,48514851485",,
2013-09-01,"3857,68","100,5","3838,48756218906",,
2013-09-01,"3857,68","100,1","3853,82617382617",,
2013-10-01,"3863,39","100,2","3855,67864271457",,
2013-10-01,"3863,39","100,9","3828,9296333003",,
2013-10-01,"3863,39","100,7","3836,53426017875",,
2013-10-01,"3863,39","100,8","3832,72817460317",,
2013-11-01,"3890,27","100,6","3867,0675944334",,
2013-11-01,"3890,27","99,8","3898,06613226453",,
2013-11-01,"3890,27","100,5","3870,91542288557",,
2013-11-01,"3890,27","100,9","3855,56987115956",,
2013-12-01,"3884,58","100,7","3857,5769612711",,
2013-12-01,"3884,58","100,1","3880,6993006993",,
2013-12-01,"3884,58","100,7","3857,5769612711",,
2013-12-01,"3884,58","100,9","3849,93062438057",,
2014-01-01,"3899,78","100,5","3880,37810945274",,
2014-01-01,"3899,78","100,5","3880,37810945274",,
2014-01-01,"3899,78","100,1","3895,88411588412",,
2014-01-01,"3899,78","100,1","3895,88411588412",,
2014-02-01,"3924,95","100,2","3917,11576846307",,
2014-02-01,"3924,95","100,1","3921,02897102897",,
2014-02-01,"3924,95","100,7","3897,66633565045",,
2014-02-01,"3924,95","100,6","3901,5407554672",,
2014-03-01,"3927,5","100,3","3915,75274177468",,
2014-03-01,"3927,5","100,7","3900,19860973188",,
2014-03-01,"3927,5","100,1","3923,57642357642",,
2014-03-01,"3927,5","100,6","3904,07554671968",,
2014-04-01,"3934,97","100,3","3923,20039880359",,
2014-04-01,"3934,97",100,"3934,97",,
2014-04-01,"3934,97","100,2","3927,11576846307",,
2014-04-01,"3934,97","100,5","3915,39303482587",,
2014-05-01,"3957,2","100,2","3949,30139720559",,
2014-05-01,"3957,2","100,5","3937,51243781095",,
2014-05-01,"3957,2","99,9","3961,16116116116",,
2014-05-01,"3957,2","100,1","3953,24675324675",,
2014-06-01,"3968,92","100,4","3953,10756972112",,
2014-06-01,"3968,92","100,3","3957,04885343968",,
2014-06-01,"3968,92","100,1","3964,95504495505",,
2014-06-01,"3968,92",100,"3968,92",,
2014-07-01,"3971,19","99,8","3979,14829659319",,
2014-07-01,"3971,19","100,4","3955,36852589641",,
2014-07-01,"3971,19","99,9","3975,16516516516",,
2014-07-01,"3971,19","99,8","3979,14829659319",,
2014-08-01,"3987,8","99,7","3999,79939819458",,
2014-08-01,"3987,8","99,5","4007,8391959799",,
2014-08-01,"3987,8","99,6","4003,81526104418",,
2014-08-01,"3987,8","100,3","3975,87238285145",,
2014-09-01,"3985,84",100,"3985,84",,
2014-09-01,"3985,84","99,4","4009,89939637827",,
2014-09-01,"3985,84","100,2","3977,88423153693",,
2014-09-01,"3985,84","99,7","3997,8335005015",,
2014-10-01,"4007,28","100,1","4003,27672327672",,
2014-10-01,"4007,28","99,5","4027,41708542714",,
2014-10-01,"4007,28","99,4","4031,46881287726",,
2014-10-01,"4007,28",100,"4007,28",,
2014-11-01,"4011,49","100,1","4007,48251748252",,
2014-11-01,"4011,49","99,8","4019,52905811623",,
2014-11-01,"4011,49","99,2","4043,84072580645",,
2014-11-01,"4011,49","99,4","4035,70422535211",,
2014-12-01,"4037,8",100,"4037,8",,
2014-12-01,"4037,8",99,"4078,58585858586",,
2014-12-01,"4037,8",99,"4078,58585858586",,
2014-12-01,"4037,8","99,7","4049,94984954865",,
2015-01-01,"4039,76","99,8","4047,85571142285",,
2015-01-01,"4039,76","98,6","4097,11967545639",,
2015-01-01,"4039,76","98,6","4097,11967545639",,
2015-01-01,"4039,76","98,9","4084,69160768453",,
2015-01-01,"4039,76","99,8","4047,85571142285",,
2015-02-01,"4050,93","98,8","4100,13157894737",,
2015-02-01,"4050,93","98,4","4116,7987804878",,
2015-02-01,"4050,93","98,5","4112,6192893401",,
2015-02-01,"4050,93","99,6","4067,19879518072",,
2015-02-01,"4050,93","99,9","4054,98498498498",,
2015-03-01,"4082,17","99,8","4090,35070140281",,
2015-03-01,"4082,17","100,2","4074,02195608782",,
2015-03-01,"4082,17","98,5","4144,33502538071",,
2015-03-01,"4082,17","98,5","4144,33502538071",,
2015-03-01,"4082,17",99,"4123,40404040404",,
2015-04-01,"4072,33","100,4","4056,10557768924",,
2015-04-01,"4072,33","98,6","4130,15212981744",,
2015-04-01,"4072,33","100,3","4060,14955134596",,
2015-04-01,"4072,33","99,4","4096,91146881288",,
2015-04-01,"4072,33","98,9","4117,62386248736",,
2015-05-01,"4086,82","99,1","4123,93541876892",,
2015-05-01,"4086,82","100,3","4074,5962113659",,
2015-05-01,"4086,82","98,7","4140,6484295846",,
2015-05-01,"4086,82",100,"4086,82",,
2015-05-01,"4086,82","99,4","4111,48893360161",,
2015-06-01,"4072,8","99,5","4093,26633165829",,
2015-06-01,"4072,8","99,2","4105,64516129032",,
2015-06-01,"4072,8",100,"4072,8",,
2015-06-01,"4072,8","100,3","4060,61814556331",,
2015-06-01,"4072,8","98,8","4122,26720647773",,
2015-07-01,"4094,64","99,3","4123,50453172205",,
2015-07-01,"4094,64","100,2","4086,46706586826",,
2015-07-01,"4094,64","98,8","4144,37246963563",,
2015-07-01,"4094,64","99,4","4119,35613682093",,
2015-07-01,"4094,64","99,9","4098,73873873874",,
2015-08-01,"4117,12","99,4","4141,97183098591",,
2015-08-01,"4117,12","99,6","4133,6546184739",,
2015-08-01,"4117,12","98,9","4162,91203235592",,
2015-08-01,"4117,12",99,"4158,70707070707",,
2015-08-01,"4117,12","99,9","4121,24124124124",,
2015-09-01,"4144,31","99,6","4160,95381526104",,
2015-09-01,"4144,31","98,8","4194,64574898786",,
2015-09-01,"4144,31","98,9","4190,40444893832",,
2015-09-01,"4144,31","99,7","4156,78034102307",,
2015-09-01,"4144,31","99,2","4177,73185483871",,
2015-10-01,"4152,72",99,"4194,66666666667",,
2015-10-01,"4152,72","100,1","4148,57142857143",,
2015-10-01,"4152,72","98,9","4198,90798786653",,
2015-10-01,"4152,72","99,7","4165,21564694082",,
2015-10-01,"4152,72","99,3","4181,99395770393",,
2015-11-01,"4164,45","99,6","4181,17469879518",,
2015-11-01,"4164,45","99,9","4168,61861861862",,
2015-11-01,"4164,45","98,8","4215,03036437247",,
2015-11-01,"4164,45","99,4","4189,58752515091",,
2015-11-01,"4164,45",99,"4206,51515151515",,
2015-12-01,"4179,34","99,5","4200,34170854271",,
2015-12-01,"4179,34","99,1","4217,29566094854",,
2015-12-01,"4179,34","99,5","4200,34170854271",,
2015-12-01,"4179,34","99,8","4187,71543086172",,
2015-12-01,"4179,34","98,7","4234,38703140831",,
2016-01-01,"4208,66","99,1","4246,88193743693",,
2016-01-01,"4208,66","99,1","4246,88193743693",,
2016-01-01,"4208,66","99,1","4246,88193743693",,
2016-01-01,"4208,66","99,5","4229,80904522613",,
2016-01-01,"4208,66","99,5","4229,80904522613",,
2016-02-01,"4210,4","99,1","4248,63773965691",,
2016-02-01,"4210,4","99,9","4214,61461461461",,
2016-02-01,"4210,4","99,2","4244,35483870968",,
2016-02-01,"4210,4","99,4","4235,81488933602",,
2016-02-01,"4210,4","98,9","4257,2295247725",,
2016-03-01,"4214,57","100,1","4210,35964035964",,
2016-03-01,"4214,57","99,5","4235,74874371859",,
2016-03-01,"4214,57","99,1","4252,84561049445",,
2016-03-01,"4214,57","99,1","4252,84561049445",,
2016-03-01,"4214,57","99,1","4252,84561049445",,
2016-04-01,"4244,2","99,3","4274,11883182276",,
2016-04-01,"4244,2","99,1","4282,74470232089",,
2016-04-01,"4244,2","99,8","4252,70541082164",,
2016-04-01,"4244,2","100,3","4231,50548354935",,
2016-04-01,"4244,2","98,9","4291,40546006067",,
2016-05-01,"4249,93","99,1","4288,52674066599",,
2016-05-01,"4249,93","100,1","4245,68431568432",,
2016-05-01,"4249,93","99,5","4271,2864321608",,
2016-05-01,"4249,93","99,1","4288,52674066599",,
2016-05-01,"4249,93","99,9","4254,18418418418",,
2016-06-01,"4258,81","100,2","4250,30938123753",,
2016-06-01,"4258,81","99,1","4297,48738647831",,
2016-06-01,"4258,81","100,1","4254,55544455545",,
2016-06-01,"4258,81","99,7","4271,62487462387",,
2016-06-01,"4258,81","99,2","4293,15524193548",,
2016-07-01,"4301,43","99,1","4340,49445005045",,
2016-07-01,"4301,43","99,4","4327,39436619718",,
2016-07-01,"4301,43","99,1","4340,49445005045",,
2016-07-01,"4301,43","99,7","4314,37311935807",,
2016-07-01,"4301,43","99,8","4310,0501002004",,
2016-08-01,"4287,91","99,8","4296,50300601202",,
2016-08-01,"4287,91","99,2","4322,48991935484",,
2016-08-01,"4287,91","99,5","4309,45728643216",,
2016-08-01,"4287,91","99,1","4326,85166498486",,
2016-08-01,"4287,91","99,1","4326,85166498486",,
2016-09-01,"4302,27","99,1","4341,34207870838",,
2016-09-01,"4302,27","99,1","4341,34207870838",,
2016-09-01,"4302,27","99,5","4323,88944723618",,
2016-09-01,"4302,27",100,"4302,27",,
2016-09-01,"4302,27","99,5","4323,88944723618",,
2016-10-01,"4317,49","99,6","4334,82931726908",,
2016-10-01,"4317,49","100,1","4313,17682317682",,
2016-10-01,"4317,49","99,2","4352,30846774194",,
2016-10-01,"4317,49","99,8","4326,14228456914",,
2016-10-01,"4317,49","100,5","4296,00995024876",,
2016-11-01,"4342,68",100,"4342,68",,
2016-11-01,"4342,68","99,3","4373,29305135952",,
2016-11-01,"4342,68","99,7","4355,74724172518",,
2016-11-01,"4342,68","100,1","4338,34165834166",,
2016-11-01,"4342,68","100,2","4334,01197604791",,
2016-12-01,"4333,34","100,8","4298,94841269841",,
2016-12-01,"4333,34","100,7","4303,21747765641",,
2016-12-01,"4333,34","100,8","4298,94841269841",,
2016-12-01,"4333,34","99,4","4359,49698189135",,
2016-12-01,"4333,34","100,4","4316,07569721116",,
2017-01-01,"4369,75","100,4","4352,3406374502",,
2017-01-01,"4369,75","101,7","4296,70599803343",,
2017-01-01,"4369,75","100,4","4352,3406374502",,
2017-01-01,"4369,75","101,7","4296,70599803343",,
2017-01-01,"4369,75","101,4","4309,41814595661",,
2017-02-01,"4397,78","102,2","4303,11154598826",,
2017-02-01,"4397,78","100,3","4384,6261216351",,
2017-02-01,"4397,78","101,7","4324,267453294",,
2017-02-01,"4397,78",102,"4311,54901960784",,
2017-02-01,"4397,78","100,7","4367,20953326713",,
2017-03-01,"4425,99",102,"4339,20588235294",,
2017-03-01,"4425,99",102,"4339,20588235294",,
2017-03-01,"4425,99","101,6","4356,28937007874",,
2017-03-01,"4425,99","99,9","4430,42042042042",,
2017-03-01,"4425,99","100,7","4395,22343594836",,
2017-04-01,"4441,41","101,9","4358,59666339549",,
2017-04-01,"4441,41","100,3","4428,12562313061",,
2017-04-01,"4441,41",102,"4354,32352941177",,
2017-04-01,"4441,41","100,9","4401,79385530228",,
2017-04-01,"4441,41",102,"4354,32352941177",,
2017-05-01,"4467,26","101,9","4383,96467124632",,
2017-05-01,"4467,26",100,"4467,26",,
2017-05-01,"4467,26",102,"4379,66666666667",,
2017-05-01,"4467,26",101,"4423,0297029703",,
2017-05-01,"4467,26",102,"4379,66666666667",,
2017-06-01,"4505,7","101,9","4421,68792934249",,
2017-06-01,"4505,7","101,8","4426,03143418468",,
2017-06-01,"4505,7","100,8","4469,94047619048",,
2017-06-01,"4505,7","101,5","4439,11330049261",,
2017-06-01,"4505,7","99,8","4514,72945891784",,
2017-07-01,"4518,9","101,7","4443,36283185841",,
2017-07-01,"4518,9","101,6","4447,73622047244",,
2017-07-01,"4518,9","100,6","4491,94831013916",,
2017-07-01,"4518,9","99,8","4527,95591182365",,
2017-07-01,"4518,9","101,9","4434,64180569185",,
2017-08-01,"4557,99","101,9","4473,00294406281",,
2017-08-01,"4557,99","100,5","4535,31343283582",,
2017-08-01,"4557,99","99,9","4562,55255255255",,
2017-08-01,"4557,99","101,8","4477,39685658153",,
2017-08-01,"4557,99","101,5","4490,63054187192",,
2017-09-01,"4580,14","101,9","4494,73994111874",,
2017-09-01,"4580,14","101,9","4494,73994111874",,
2017-09-01,"4580,14","100,9","4539,2864222002",,
2017-09-01,"4580,14","102,2","4481,54598825832",,
2017-09-01,"4580,14","100,4","4561,89243027889",,
2017-10-01,"4605,84","100,5","4582,92537313433",,
2017-10-01,"4605,84","101,9","4519,96074582924",,
2017-10-01,"4605,84","102,4","4497,890625",,
2017-10-01,"4605,84","102,1","4511,10675808031",,
2017-10-01,"4605,84","101,4","4542,24852071006",,
2017-11-01,"4617,87","100,5","4594,89552238806",,
2017-11-01,"4617,87",102,"4527,32352941177",,
2017-11-01,"4617,87","102,9","4487,72594752187",,
2017-11-01,"4617,87","102,5","4505,23902439025",,
2017-11-01,"4617,87","101,9","4531,766437684",,
2017-12-01,"4679,16","100,2","4669,82035928144",,
2017-12-01,"4679,16","102,1","4582,91870714985",,
2017-12-01,"4679,16","102,1","4582,91870714985",,
2017-12-01,"4679,16",102,"4587,41176470588",,
2017-12-01,"4679,16","103,1","4538,46750727449",,
2018-01-01,"4674,21","101,9","4587,05593719333",,
2018-01-01,"4674,21","100,3","4660,22931206381",,
2018-01-01,"4674,21","101,3","4614,22507403751",,
2018-01-01,"4674,21","100,3","4660,22931206381",,
2018-01-01,"4674,21","101,9","4587,05593719333",,
2018-02-01,"4694,69","101,1","4643,61028684471",,
2018-02-01,"4694,69","101,4","4629,87179487179",,
2018-02-01,"4694,69","101,6","4620,75787401575",,
2018-02-01,"4694,69","99,8","4704,09819639279",,
2018-02-01,"4694,69","100,1",4690,,
2018-03-01,"4749,34","101,5","4679,15270935961",,
2018-03-01,"4749,34",100,"4749,34",,
2018-03-01,"4749,34",101,"4702,31683168317",,
2018-03-01,"4749,34","101,3","4688,39091806515",,
2018-03-01,"4749,34","99,9","4754,09409409409",,
2018-04-01,"4769,93","101,5","4699,43842364532",,
2018-04-01,"4769,93","100,5","4746,19900497513",,
2018-04-01,"4769,93","100,5","4746,19900497513",,
2018-04-01,"4769,93","101,5","4699,43842364532",,
2018-04-01,"4769,93","101,6","4694,81299212598",,
2018-05-01,"4791,59","100,6","4763,01192842942",,
2018-05-01,"4791,59","101,6","4716,13188976378",,
2018-05-01,"4791,59","101,7","4711,49459193707",,
2018-05-01,"4791,59","100,2","4782,02594810379",,
2018-05-01,"4791,59","101,7","4711,49459193707",,
2018-06-01,"4839,13","101,8","4753,56581532416",,
2018-06-01,"4839,13",102,"4744,24509803922",,
2018-06-01,"4839,13","100,1","4834,29570429571",,
2018-06-01,"4839,13","100,7","4805,4915590864",,
2018-06-01,"4839,13","101,6","4762,92322834646",,
2018-07-01,"4839,31",102,"4744,42156862745",,
2018-07-01,"4839,31","100,6","4810,44731610338",,
2018-07-01,"4839,31","101,6","4763,10039370079",,
2018-07-01,"4839,31","101,7","4758,41691248771",,
2018-07-01,"4839,31","99,8","4849,00801603207",,
2018-08-01,"4865,54",102,"4770,13725490196",,
2018-08-01,"4865,54","101,7","4784,20845624385",,
2018-08-01,"4865,54",100,"4865,54",,
2018-08-01,"4865,54","100,5","4841,33333333333",,
2018-08-01,"4865,54","101,6","4788,91732283465",,
2018-09-01,4905,"100,7","4870,90367428004",,
2018-09-01,4905,"101,8","4818,27111984283",,
2018-09-01,4905,"101,7","4823,00884955752",,
2018-09-01,4905,"100,2","4895,20958083832",,
2018-09-01,4905,"101,9","4813,5426889107",,
2018-10-01,"4941,85","101,7","4859,24287118977",,
2018-10-01,"4941,85","101,8","4854,4695481336",,
2018-10-01,"4941,85","101,1","4888,08110781405",,
2018-10-01,"4941,85","102,2","4835,46966731898",,
2018-10-01,"4941,85","100,4","4922,16135458167",,
2018-11-01,"4971,65","101,1","4917,5568743818",,
2018-11-01,"4971,65","102,2","4864,62818003914",,
2018-11-01,"4971,65",100,"4971,65",,
2018-11-01,"4971,65","101,3","4907,847976308",,
2018-11-01,"4971,65","101,7","4888,54473942969",,
2018-12-01,"4978,81","101,1","4924,63897131553",,
2018-12-01,"4978,81",100,"4978,81",,
2018-12-01,"4978,81","101,1","4924,63897131553",,
2018-12-01,"4978,81","101,6","4900,40354330709",,
2018-12-01,"4978,81","102,1","4876,40548481881",,
2019-01-01,"5003,12","99,8","5013,14629258517",,
2019-01-01,"5003,12","99,8","5013,14629258517",,
2019-01-01,"5003,12","100,7","4968,34160873883",,
2019-01-01,"5003,12","100,4","4983,18725099602",,
2019-01-01,"5003,12","100,7","4968,34160873883",,
2019-02-01,"5028,6","100,4","5008,56573705179",,
2019-02-01,"5028,6","100,2","5018,5628742515",,
2019-02-01,"5028,6","101,2","4968,97233201581",,
2019-02-01,"5028,6","100,7","4993,64448857994",,
2019-02-01,"5028,6",101,"4978,81188118812",,
2019-03-01,"5050,98","100,3","5035,87238285145",,
2019-03-01,"5050,98","101,7","4966,54867256637",,
2019-03-01,"5050,98","100,5","5025,85074626866",,
2019-03-01,"5050,98","101,2","4991,08695652174",,
2019-03-01,"5050,98","101,1","4996,0237388724",,
2019-04-01,"5092,8","101,6","5012,59842519685",,
2019-04-01,"5092,8","102,2","4983,17025440313",,
2019-04-01,"5092,8","101,5","5017,53694581281",,
2019-04-01,"5092,8","102,2","4983,17025440313",,
2019-04-01,"5092,8","101,1","5037,38872403561",,
2019-05-01,"5143,35","102,4","5022,802734375",,
2019-05-01,"5143,35","102,4","5022,802734375",,
2019-05-01,"5143,35","100,2","5133,08383233533",,
2019-05-01,"5143,35","101,7","5057,37463126844",,
2019-05-01,"5143,35","101,9","5047,44847890088",,
2019-06-01,"5145,88","102,7","5010,59396299903",,
2019-06-01,"5145,88","100,3","5130,48853439681",,
2019-06-01,"5145,88","102,6","5015,477582846",,
2019-06-01,"5145,88","102,2","5035,10763209393",,
2019-06-01,"5145,88","101,8","5054,89194499018",,
2019-07-01,"5179,7","102,8","5038,6186770428",,
2019-07-01,"5179,7",100,"5179,7",,
2019-07-01,"5179,7","102,9","5033,72206025267",,
2019-07-01,"5179,7","102,2","5068,19960861057",,
2019-07-01,"5179,7",102,"5078,13725490196",,
2019-08-01,"5211,7","102,1","5104,50538687561",,
2019-08-01,"5211,7","102,2","5099,51076320939",,
2019-08-01,"5211,7","102,8","5069,74708171206",,
2019-08-01,"5211,7",100,"5211,7",,
2019-08-01,"5211,7","102,9","5064,8202137998",,
2019-09-01,"5213,29","102,6","5081,17933723197",,
2019-09-01,"5213,29","102,1","5106,06268364349",,
2019-09-01,"5213,29",100,"5213,29",,
2019-09-01,"5213,29","102,2","5101,06653620352",,
2019-09-01,"5213,29","102,7","5076,2317429406",,
2019-10-01,"5245,26","100,2","5234,79041916168",,
2019-10-01,"5245,26",103,"5092,4854368932",,
2019-10-01,"5245,26","102,4","5122,32421875",,
2019-10-01,"5245,26","102,5","5117,32682926829",,
2019-10-01,"5245,26","102,2","5132,34833659491",,
2019-11-01,"5278,9","102,2","5165,26418786693",,
2019-11-01,"5278,9","100,1","5273,62637362637",,
2019-11-01,"5278,9","103,1","5120,17458777886",,
2019-11-01,"5278,9","102,5","5150,14634146341",,
2019-11-01,"5278,9","102,6","5145,12670565302",,
2019-12-01,"5280,86","102,3","5162,13098729228",,
2019-12-01,"5280,86","100,8","5238,94841269841",,
2019-12-01,"5280,86","103,4","5107,21470019342",,
2019-12-01,"5280,86","103,9","5082,63715110683",,
2019-12-01,"5280,86","103,4","5107,21470019342",,
2020-01-01,"5347,7","100,9",5300,,
2020-01-01,"5347,7","100,9",5300,,
2020-01-01,"5347,7","104,3","5127,22914669223",,
2020-01-01,"5347,7","104,3","5127,22914669223",,
2020-01-01,"5347,7","102,4","5222,36328125",,
2020-02-01,"5390,92","103,1","5228,82638215325",,
2020-02-01,"5390,92","104,7","5148,92072588348",,
2020-02-01,"5390,92","100,7","5353,44587884806",,
2020-02-01,"5390,92","104,5","5158,77511961723",,
2020-02-01,"5390,92","101,6","5306,02362204724",,
2020-03-01,"5345,7","100,2","5335,02994011976",,
2020-03-01,"5345,7","104,5","5115,5023923445",,
2020-03-01,"5345,7","103,3","5174,92739593417",,
2020-03-01,"5345,7","104,6","5110,61185468451",,
2020-03-01,"5345,7","101,8","5251,17878192534",,
2020-04-01,"5183,45","103,4","5013,00773694391",,
2020-04-01,"5183,45","103,3","5017,86060019361",,
2020-04-01,"5183,45","101,7","5096,80432645034",,
2020-04-01,"5183,45","104,2","4974,52015355086",,
2020-04-01,"5183,45","99,9","5188,63863863864",,
2020-05-01,"5244,46","102,9","5096,65694849368",,
2020-05-01,"5244,46","101,5","5166,95566502463",,
2020-05-01,"5244,46",104,"5042,75",,
2020-05-01,"5244,46",103,"5091,70873786408",,
2020-05-01,"5244,46","99,8","5254,96993987976",,
2020-06-01,"5311,62","102,1","5202,37022526934",,
2020-06-01,"5311,62","103,7","5122,10221793636",,
2020-06-01,"5311,62","103,9","5112,24254090472",,
2020-06-01,"5311,62","100,6","5279,94035785288",,
2020-06-01,"5311,62","103,3","5141,93610842207",,
2020-07-01,"5380,3",103,"5223,59223300971",,
2020-07-01,"5380,3","103,5","5198,35748792271",,
2020-07-01,"5380,3","101,9","5279,98037291462",,
2020-07-01,"5380,3","103,7","5188,33172613308",,
2020-07-01,"5380,3","99,8","5391,08216432866",,
2020-08-01,"5430,3","103,3","5256,8247821878",,
2020-08-01,"5430,3","99,9","5435,73573573574",,
2020-08-01,"5430,3","101,8","5334,28290766208",,
2020-08-01,"5430,3","102,9","5277,25947521866",,
2020-08-01,"5430,3","103,6","5241,60231660232",,
2020-09-01,"5484,96","103,2","5314,88372093023",,
2020-09-01,"5484,96","103,6","5294,36293436293",,
2020-09-01,"5484,96","103,6","5294,36293436293",,
2020-09-01,"5484,96",102,"5377,41176470588",,
2020-09-01,"5484,96","100,2","5474,0119760479",,
2020-10-01,"5520,72","102,2","5401,87866927593",,
2020-10-01,"5520,72","103,5","5334,02898550725",,
2020-10-01,"5520,72","103,1","5354,72356935015",,
2020-10-01,"5520,72","103,7","5323,74156219865",,
2020-10-01,"5520,72","100,1","5515,2047952048",,
2020-11-01,"5532,78","103,5","5345,68115942029",,
2020-11-01,"5532,78",103,"5371,63106796116",,
2020-11-01,"5532,78","103,8","5330,23121387283",,
2020-11-01,"5532,78","102,2","5413,67906066536",,
2020-11-01,"5532,78","100,1","5527,25274725275",,
2020-12-01,"5587,33","102,4","5456,376953125",,
2020-12-01,"5587,33","100,1","5581,74825174825",,
2020-12-01,"5587,33","102,4","5456,376953125",,
2020-12-01,"5587,33","103,4","5403,60735009671",,
2020-12-01,"5587,33","103,9","5377,60346487007",,
2021-01-01,"5637,3","101,8","5537,62278978389",,
2021-01-01,"5637,3","102,6","5494,44444444444",,
2021-01-01,"5637,3","102,6","5494,44444444444",,
2021-01-01,"5637,3","101,3","5564,9555774926",,
2021-01-01,"5637,3","101,3","5564,9555774926",,
2021-02-01,"5627,84","101,8","5528,3300589391",,
2021-02-01,"5627,84","102,3","5501,30987292278",,
2021-02-01,"5627,84","100,5","5599,8407960199",,
2021-02-01,"5627,84","102,5","5490,5756097561",,
2021-02-01,"5627,84","102,4","5495,9375",,
2021-03-01,"5718,12","103,3","5535,45014520813",,
2021-03-01,"5718,12",101,"5661,50495049505",,
2021-03-01,"5718,12","102,7","5567,78967867575",,
2021-03-01,"5718,12","102,8","5562,37354085603",,
2021-03-01,"5718,12","103,2","5540,81395348837",,
2021-04-01,"5704,62","104,1","5479,94236311239",,
2021-04-01,"5704,62","103,1","5533,09408341416",,
2021-04-01,"5704,62","103,6","5506,38996138996",,
2021-04-01,"5704,62","100,8","5659,34523809524",,
2021-04-01,"5704,62","104,3","5469,4343240652",,
2021-05-01,"5778,17","100,3","5760,88733798604",,
2021-05-01,"5778,17","103,9","5561,28007699711",,
2021-05-01,"5778,17","104,7","5518,78701050621",,
2021-05-01,"5778,17","104,4","5534,64559386973",,
2021-05-01,"5778,17","103,5","5582,7729468599",,
2021-06-01,"5836,43","100,1","5830,5994005994",,
2021-06-01,"5836,43","103,6","5633,61969111969",,
2021-06-01,"5836,43",104,"5611,95192307692",,
2021-06-01,"5836,43","104,5","5585,1004784689",,
2021-06-01,"5836,43","104,4","5590,45019157088",,
2021-07-01,"5864,62",105,"5585,35238095238",,
2021-07-01,"5864,62","104,5","5612,07655502392",,
2021-07-01,"5864,62","100,4","5841,25498007968",,
2021-07-01,"5864,62","103,8","5649,92292870906",,
2021-07-01,"5864,62",105,"5585,35238095238",,
2021-08-01,"5934,75",104,"5706,49038461538",,
2021-08-01,"5934,75","105,5","5625,35545023697",,
2021-08-01,"5934,75","104,8","5662,92938931298",,
2021-08-01,"5934,75","100,3","5916,99900299103",,
2021-08-01,"5934,75","105,3","5636,03988603989",,
2021-09-01,"5962,53","105,5","5651,68720379147",,
2021-09-01,"5962,53",106,"5625,02830188679",,
2021-09-01,"5962,53","104,2","5722,19769673704",,
2021-09-01,"5962,53","100,7","5921,08242303873",,
2021-09-01,"5962,53","105,9","5630,33994334278",,
2021-10-01,"6019,84","101,1","5954,34223541049",,
2021-10-01,"6019,84","104,5","5760,61244019139",,
2021-10-01,"6019,84","106,6","5647,12945590995",,
2021-10-01,"6019,84","106,8","5636,5543071161",,
2021-10-01,"6019,84","107,1","5620,76563958917",,
2021-11-01,"6082,1","104,8","5803,53053435115",,
2021-11-01,"6082,1","108,2","5621,16451016636",,
2021-11-01,"6082,1","107,6","5652,5092936803",,
2021-11-01,"6082,1",101,"6021,88118811881",,
2021-11-01,"6082,1","107,8","5642,02226345083",,
2021-12-01,"6194,94","109,2","5673,02197802198",,
2021-12-01,"6194,94","108,6","5704,36464088398",,
2021-12-01,"6194,94","108,6","5704,36464088398",,
2021-12-01,"6194,94","100,9","6139,6828543112",,
2021-12-01,"6194,94","105,1","5894,32921027593",,
2022-01-01,"6186,26",106,"5836,09433962264",,
2022-01-01,"6186,26","109,4","5654,71663619744",,
2022-01-01,"6186,26","109,4","5654,71663619744",,
2022-01-01,"6186,26","101,9","6070,91265947007",,
2022-01-01,"6186,26","101,9","6070,91265947007",,
2022-02-01,"6257,63",109,"5740,94495412844",,
2022-02-01,"6257,63","108,5","5767,40092165899",,
2022-02-01,"6257,63","105,6","5925,78598484849",,
2022-02-01,"6257,63","99,7","6276,4593781344",,
2022-02-01,"6257,63","101,6","6159,08464566929",,
2022-03-01,"6407,4","103,3","6202,7105517909",,
2022-03-01,"6407,4","109,1","5872,96058661778",,
2022-03-01,"6407,4","104,9","6108,10295519542",,
2022-03-01,"6407,4",111,"5772,43243243243",,
2022-03-01,"6407,4","109,7","5840,838650866",,
2022-04-01,"6491,69",102,"6364,40196078431",,
2022-04-01,"6491,69",107,6067,,
2022-04-01,"6491,69","110,3","5885,48504079782",,
2022-04-01,"6491,69","112,4","5775,52491103203",,
2022-04-01,"6491,69","111,3","5832,6055705301",,
2022-05-01,"6533,84","113,9","5736,4705882353",,
2022-05-01,"6533,84","113,1","5777,04686118479",,
2022-05-01,"6533,84","111,1","5881,04410441044",,
2022-05-01,"6533,84","108,8","6005,36764705882",,
2022-05-01,"6533,84","101,7","6424,62143559489",,
2022-06-01,"6594,29","111,8","5898,2915921288",,
2022-06-01,"6594,29","101,5","6496,83743842365",,
2022-06-01,"6594,29","115,5","5709,34199134199",,
2022-06-01,"6594,29","114,8","5744,15505226481",,
2022-06-01,"6594,29","110,4","5973,08876811594",,
2022-07-01,"6787,15","112,4","6038,3896797153",,
2022-07-01,"6787,15","110,9","6120,06311992786",,
2022-07-01,"6787,15","115,6","5871,23702422145",,
2022-07-01,"6787,15","100,5","6753,38308457711",,
2022-07-01,"6787,15","115,4","5881,41247833622",,
2022-08-01,"6708,65","116,1","5778,33763996555",,
2022-08-01,"6708,65","112,8","5947,38475177305",,
2022-08-01,"6708,65","111,8","6000,58139534884",,
2022-08-01,"6708,65","100,8","6655,40674603175",,
2022-08-01,"6708,65","116,3","5768,40068787618",,
2022-09-01,"6817,47","118,1","5772,62489415749",,
2022-09-01,"6817,47","113,3","6017,18446601942",,
2022-09-01,"6817,47","113,6","6001,29401408451",,
2022-09-01,"6817,47","117,2","5816,95392491468",,
2022-09-01,"6817,47","101,6","6710,10826771654",,
2022-10-01,"6831,82","115,6","5909,87889273356",,
2022-10-01,"6831,82","117,9","5794,58863443596",,
2022-10-01,"6831,82","113,8","6003,35676625659",,
2022-10-01,"6831,82","101,8","6711,02161100196",,
2022-10-01,"6831,82","120,2","5683,71048252912",,
2022-11-01,"6916,69","100,7","6868,60973187686",,
2022-11-01,"6916,69","117,5","5886,54468085106",,
2022-11-01,"6916,69","121,1","5711,5524360033",,
2022-11-01,"6916,69","114,1","6061,95442594216",,
2022-11-01,"6916,69","116,4","5942,1735395189",,
2022-12-01,"6965,62","116,6","5973,94511149228",,
2022-12-01,"6965,62","114,4","6088,82867132867",,
2022-12-01,"6965,62","121,2","5747,21122112211",,
2022-12-01,"6965,62","100,1","6958,66133866134",,
2022-12-01,"6965,62","116,6","5973,94511149228",,
2023-01-01,"7016,54","116,6","6017,61578044597",,
2023-01-01,"7016,54","102,5","6845,40487804878",,
2023-01-01,"7016,54","116,6","6017,61578044597",,
2023-01-01,"7016,54","108,6","6460,90239410681",,
2023-01-01,"7016,54","102,5","6845,40487804878",,
2023-02-01,"7093,12","103,8","6833,44894026975",,
2023-02-01,"7093,12","101,2","7009,01185770751",,
2023-02-01,"7093,12","117,5","6036,69787234043",,
2023-02-01,"7093,12","109,9","6454,15832575068",,
2023-02-01,"7093,12","118,4","5990,81081081081",,
2023-03-01,"7178,33","101,1","7100,2274975272",,
2023-03-01,"7178,33","111,2","6455,33273381295",,
2023-03-01,"7178,33","104,9","6843,02192564347",,
2023-03-01,"7178,33","116,1","6182,88544358312",,
2023-03-01,"7178,33",117,"6135,32478632479",,
2023-04-01,"7275,5","114,7","6343,06887532694",,
2023-04-01,"7275,5","100,7","7224,92552135055",,
2023-04-01,"7275,5","116,4","6250,4295532646",,
2023-04-01,"7275,5","111,9","6501,7873100983",,
2023-04-01,"7275,5","105,7","6883,15988647115",,
2023-05-01,"7310,89",113,"6469,81415929204",,
2023-05-01,"7310,89","105,7","6916,64143803217",,
2023-05-01,"7310,89",100,"7310,89",,
2023-05-01,"7310,89","115,7","6318,83318928263",,
2023-05-01,"7310,89",112,"6527,58035714286",,
2023-06-01,"7373,33","111,5","6612,85201793722",,
2023-06-01,"7373,33",100,"7373,33",,
2023-06-01,"7373,33",112,"6583,33035714286",,
2023-06-01,"7373,33","105,7","6975,71428571429",,
2023-06-01,"7373,33",115,"6411,59130434783",,
2023-07-01,"7485,74","105,5","7095,48815165877",,
2023-07-01,"7485,74","99,8","7500,74148296593",,
2023-07-01,"7485,74","111,7","6701,6472694718",,
2023-07-01,"7485,74","114,4","6543,47902097902",,
2023-07-01,"7485,74","110,8","6756,08303249098",,
2023-08-01,"7506,28","110,1","6817,69300635786",,
2023-08-01,"7506,28","105,5","7114,95734597156",,
2023-08-01,"7506,28","111,8","6714,02504472272",,
2023-08-01,"7506,28",100,"7506,28",,
2023-08-01,"7506,28","113,8","6596,02811950791",,
2023-09-01,"7577,9","108,2","7003,6044362292",,
2023-09-01,"7577,9","99,6","7608,33333333333",,
2023-09-01,"7577,9","113,2","6694,25795053003",,
2023-09-01,"7577,9","105,1","7210,18078020932",,
2023-09-01,"7577,9","111,3","6808,53548966756",,
2023-10-01,"7683,7","100,3","7660,71784646062",,
2023-10-01,"7683,7","111,6","6885,03584229391",,
2023-10-01,"7683,7","106,6","7207,97373358349",,
2023-10-01,"7683,7","112,5","6829,95555555556",,
2023-10-01,"7683,7","105,3","7296,96106362773",,
2023-11-01,"7705,34","100,7","7651,7775571003",,
2023-11-01,"7705,34","106,6","7228,27392120075",,
2023-11-01,"7705,34","111,9","6885,91599642538",,
2023-11-01,"7705,34","112,3","6861,38913624221",,
2023-11-01,"7705,34","106,1","7262,33741753063",,
2023-12-01,"7765,9","112,4","6909,16370106762",,
2023-12-01,"7765,9","106,2","7312,52354048964",,
2023-12-01,"7765,9","111,4","6971,18491921005",,
2023-12-01,"7765,9","106,2","7312,52354048964",,
2023-12-01,"7765,9","100,1","7758,14185814186",,
2024-01-01,"7878,78","101,3","7777,67028627838",,
2024-01-01,"7878,78","100,4","7847,39043824701",,
2024-01-01,"7878,78","100,4","7847,39043824701",,
2024-01-01,"7878,78","103,7","7597,66634522662",,
2024-01-01,"7878,78","103,7","7597,66634522662",,
2024-02-01,"7987,75","100,3","7963,85842472582",,
2024-02-01,"7987,75","101,6","7861,95866141732",,
2024-02-01,"7987,75","100,7","7932,22442899702",,
2024-02-01,"7987,75","103,3","7732,57502420136",,
2024-02-01,"7987,75","102,8","7770,18482490272",,
2024-03-01,"8053,11","100,2","8037,03592814371",,
2024-03-01,"8053,11","102,8","7833,76459143969",,
2024-03-01,"8053,11",102,"7895,20588235294",,
2024-03-01,"8053,11","100,9","7981,27849355798",,
2024-03-01,"8053,11","101,8","7910,71709233792",,
2024-04-01,"8045,56","101,1","7958,02176063304",,
2024-04-01,"8045,56","102,4","7856,9921875",,
2024-04-01,"8045,56","102,7","7834,04089581305",,
2024-04-01,"8045,56",102,"7887,80392156863",,
2024-04-01,"8045,56","102,9","7818,81438289602",,
2024-05-01,"8152,31","100,1","8144,16583416584",,
2024-05-01,"8152,31",103,"7914,8640776699",,
2024-05-01,"8152,31","102,5","7953,47317073171",,
2024-05-01,"8152,31","102,7","7937,98442064265",,
2024-05-01,"8152,31","102,1","7984,63271302645",,
2024-06-01,"8190,94","102,2","8014,61839530333",,
2024-06-01,"8190,94","103,1","7944,65567410281",,
2024-06-01,"8190,94","102,6","7983,37231968811",,
2024-06-01,"8190,94","102,7","7975,5988315482",,
2024-06-01,"8190,94","100,1","8182,75724275724",,
2024-07-01,"8252,31","102,9","8019,73760932945",,
2024-07-01,"8252,31","103,7","7957,86885245902",,
2024-07-01,"8252,31","104,2","7919,68330134357",,
2024-07-01,"8252,31","104,6","7889,39770554493",,
2024-07-01,"8252,31","101,4","8138,37278106509",,
2024-08-01,8347,"104,7","7972,30181470869",,
2024-08-01,8347,"104,3","8002,87631831256",,
2024-08-01,8347,"100,1","8338,66133866134",,
2024-08-01,8347,"103,1","8096,02327837052",,
2024-08-01,8347,"103,8","8041,42581888247",,
2024-09-01,"8383,75","104,7","8007,40210124164",,
2024-09-01,"8383,75","104,9","7992,1353670162",,
2024-09-01,"8383,75","103,3","8115,92449177154",,
2024-09-01,"8383,75","100,1","8375,37462537463",,
2024-09-01,"8383,75","103,8","8076,83044315992",,
2024-10-01,"8452,75","105,1","8042,57849666984",,
2024-10-01,"8452,75","103,4","8174,80657640232",,
2024-10-01,"8452,75","104,2","8112,04414587332",,
2024-10-01,"8452,75","100,3","8427,46759720838",,
2024-10-01,"8452,75",105,"8050,2380952381",,
2024-11-01,"8536,49","104,6","8161,08030592734",,
2024-11-01,"8536,49","100,5","8494,01990049751",,
2024-11-01,"8536,49","105,5","8091,45971563981",,
2024-11-01,"8536,49","103,5","8247,81642512077",,
2024-11-01,"8536,49","104,7","8153,28557784145",,
2024-12-01,"8546,91","104,7","8163,23782234957",,
2024-12-01,"8546,91",100,"8546,91",,
2024-12-01,"8546,91","104,7","8163,23782234957",,
2024-12-01,"8546,91","105,6","8093,66477272727",,
2024-12-01,"8546,91","103,6","8249,91312741313",,
2025-01-01,"8616,41","102,7","8389,88315481986",,
2025-01-01,"8616,41",101,"8531,09900990099",,
2025-01-01,"8616,41","104,9","8213,92755004766",,
2025-01-01,"8616,41","104,9","8213,92755004766",,
2025-01-01,"8616,41",101,"8531,09900990099",,
2025-02-01,"8640,41","104,9","8236,80648236415",,
2025-02-01,"8640,41","104,9","8236,80648236415",,
2025-02-01,"8640,41",103,"8388,74757281553",,
2025-02-01,"8640,41","101,3","8529,52615992103",,
2025-02-01,"8640,41","100,3","8614,56630109671",,
2025-03-01,"8688,69","101,5","8560,28571428572",,
2025-03-01,"8688,69","100,2","8671,34730538922",,
2025-03-01,"8688,69","104,9","8282,83126787417",,
2025-03-01,"8688,69","104,9","8282,83126787417",,
2025-03-01,"8688,69","103,2","8419,27325581395",,
2025-04-01,"8776,94","101,9","8613,28753680079",,
2025-04-01,"8776,94","104,3","8415,09108341323",,
2025-04-01,"8776,94","100,4","8741,97211155379",,
2025-04-01,"8776,94","104,8","8374,9427480916",,
2025-04-01,"8776,94","103,6","8471,94980694981",,
2025-05-01,"8808,72","99,8","8826,37274549098",,
2025-05-01,"8808,72","103,4","8519,07156673114",,
2025-05-01,"8808,72",104,"8469,92307692308",,
2025-05-01,"8808,72","101,7","8661,47492625369",,
2025-05-01,"8808,72","104,6","8421,33843212237",,
2025-06-01,"8884,74","104,1","8534,81268011527",,
2025-06-01,"8884,74","101,8","8727,64243614931",,
2025-06-01,"8884,74","104,5","8502,14354066986",,
2025-06-01,"8884,74","100,1","8875,86413586414",,
2025-06-01,"8884,74","103,6","8576,00386100386",,
2025-07-01,"8897,36","103,9","8563,38787295476",,
2025-07-01,"8897,36","100,3","8870,74775672981",,
2025-07-01,"8897,36","102,2","8705,83170254403",,
2025-07-01,"8897,36","104,3","8530,54650047939",,
2025-07-01,"8897,36","103,1","8629,83511154219",,
2025-08-01,"8954,74","102,9","8702,37123420797",,
2025-08-01,"8954,74","104,1","8602,05571565802",,
2025-08-01,"8954,74","102,2","8761,97651663405",,
2025-08-01,"8954,74",100,"8954,74",,
2025-08-01,"8954,74","103,9","8618,61405197305",,
2025-09-01,"8997,49","102,2","8803,80626223092",,
2025-09-01,"8997,49",104,"8651,43269230769",,
2025-09-01,"8997,49","103,9","8659,7593840231",,
2025-09-01,"8997,49","102,9","8743,91642371234",,
2025-09-01,"8997,49",100,"8997,49",,
2025-10-01,"9036,74","100,1","9027,71228771229",,
2025-10-01,"9036,74",104,"8689,17307692308",,
2025-10-01,"9036,74","102,8","8790,60311284047",,
2025-10-01,"9036,74","102,3","8833,56793743891",,
2025-10-01,"9036,74","103,9","8697,53609239653",,
