date,inflation_cpi
1982-01-01,"153,2"
1982-01-01,"106,6"
1982-02-01,"136,3"
1982-02-01,"206,4"
1982-03-01,"210,7"
1982-03-01,"105,8"
1982-04-01,"204,1"
1982-04-01,"103,1"
1982-05-01,"208,4"
1982-05-01,"102,7"
1982-06-01,"211,9"
1982-06-01,"100,9"
1982-07-01,"213,3"
1982-07-01,"103,9"
1982-08-01,"214,9"
1982-08-01,"99,4"
1982-09-01,"208,5"
1982-09-01,"100,3"
1982-10-01,"101,4"
1982-10-01,201
1982-11-01,"100,9"
1982-11-01,"197,9"
1982-12-01,175
1982-12-01,"100,8"
1983-01-01,"101,9"
1983-01-01,"167,3"
1983-02-01,"107,2"
1983-02-01,"131,5"
1983-03-01,"126,7"
1983-03-01,"101,9"
1983-04-01,"126,9"
1983-04-01,"103,2"
1983-05-01,"124,7"
1983-05-01,101
1983-06-01,123
1983-06-01,"99,5"
1983-07-01,"119,2"
1983-07-01,"100,6"
1983-08-01,"99,6"
1983-08-01,"119,3"
1983-09-01,"118,8"
1983-09-01,"99,8"
1983-10-01,"118,5"
1983-10-01,"101,1"
1983-11-01,"118,2"
1983-11-01,"100,7"
1983-12-01,"100,7"
1983-12-01,"118,2"
1984-01-01,"115,6"
1984-01-01,"100,9"
1984-02-01,"113,4"
1984-02-01,"103,9"
1984-03-01,"112,4"
1984-03-01,"101,2"
1984-04-01,"111,4"
1984-04-01,"101,9"
1984-05-01,"112,1"
1984-05-01,"101,1"
1984-06-01,"112,9"
1984-06-01,"100,7"
1984-07-01,"113,7"
1984-07-01,"100,6"
1984-08-01,"112,5"
1984-08-01,"98,3"
1984-09-01,"112,8"
1984-09-01,"99,9"
1984-10-01,"112,6"
1984-10-01,"100,9"
1984-11-01,"101,6"
1984-11-01,"113,5"
1984-12-01,"101,5"
1984-12-01,"114,2"
1985-01-01,101
1985-01-01,"113,2"
1985-02-01,"110,3"
1985-02-01,"101,1"
1985-03-01,"111,9"
1985-03-01,102
1985-04-01,"111,6"
1985-04-01,102
1985-05-01,"111,8"
1985-05-01,"101,2"
1985-06-01,113
1985-06-01,"102,1"
1985-07-01,"101,9"
1985-07-01,"115,1"
1985-08-01,"99,7"
1985-08-01,"115,4"
1985-09-01,"100,7"
1985-09-01,"115,9"
1985-10-01,"116,1"
1985-10-01,"100,9"
1985-11-01,"115,8"
1985-11-01,"101,1"
1985-12-01,"101,9"
1985-12-01,"116,7"
1986-01-01,102
1986-01-01,"117,1"
1986-02-01,"101,5"
1986-02-01,"117,8"
1986-03-01,118
1986-03-01,"102,7"
1986-04-01,"119,2"
1986-04-01,103
1986-05-01,"120,5"
1986-05-01,"101,6"
1986-06-01,"118,2"
1986-06-01,"100,9"
1986-07-01,"114,4"
1986-07-01,"98,2"
1986-08-01,"115,2"
1986-08-01,100
1986-09-01,"116,3"
1986-09-01,"101,6"
1986-10-01,"102,2"
1986-10-01,"117,9"
1986-11-01,101
1986-11-01,"117,5"
1986-12-01,"117,1"
1986-12-01,"101,3"
1987-01-01,"118,1"
1987-01-01,"103,4"
1987-01-01,"118,1"
1987-01-01,"103,4"
1987-02-01,"102,3"
1987-02-01,"118,6"
1987-02-01,"119,2"
1987-02-01,"105,8"
1987-03-01,"118,8"
1987-03-01,"107,7"
1987-03-01,"101,8"
1987-03-01,"117,9"
1987-04-01,"119,6"
1987-04-01,"115,3"
1987-04-01,"107,1"
1987-04-01,"123,1"
1987-05-01,"118,1"
1987-05-01,"102,4"
1987-05-01,"123,9"
1987-05-01,"120,5"
1987-06-01,120
1987-06-01,"101,6"
1987-06-01,"121,4"
1987-06-01,"125,8"
1987-07-01,"122,2"
1987-07-01,"101,8"
1987-07-01,129
1987-07-01,"122,5"
1987-08-01,"123,3"
1987-08-01,"100,2"
1987-08-01,"128,9"
1987-08-01,"122,4"
1987-09-01,"123,7"
1987-09-01,"101,2"
1987-09-01,"128,5"
1987-09-01,"123,9"
1987-10-01,"126,2"
1987-10-01,124
1987-10-01,"128,2"
1987-10-01,"101,9"
1987-11-01,"124,7"
1987-11-01,"102,3"
1987-11-01,"129,1"
1987-11-01,"129,4"
1987-12-01,"101,9"
1987-12-01,"131,3"
1987-12-01,"131,3"
1987-12-01,"125,2"
1988-01-01,"103,7"
1988-01-01,"128,4"
1988-01-01,"103,7"
1988-01-01,"128,4"
1988-02-01,"121,5"
1988-02-01,"147,6"
1988-02-01,"117,2"
1988-02-01,"138,2"
1988-03-01,"143,2"
1988-03-01,"105,7"
1988-03-01,"153,2"
1988-03-01,"128,4"
1988-04-01,"107,1"
1988-04-01,"137,5"
1988-04-01,146
1988-04-01,"153,6"
1988-05-01,"147,9"
1988-05-01,"102,4"
1988-05-01,"140,9"
1988-05-01,"154,7"
1988-06-01,"144,9"
1988-06-01,"102,9"
1988-06-01,"156,1"
1988-06-01,"149,4"
1988-07-01,"150,9"
1988-07-01,"149,5"
1988-07-01,"103,2"
1988-07-01,"159,4"
1988-08-01,"160,9"
1988-08-01,"152,2"
1988-08-01,"150,4"
1988-08-01,"100,6"
1988-09-01,"102,8"
1988-09-01,"153,6"
1988-09-01,"154,6"
1988-09-01,"163,8"
1988-10-01,"159,4"
1988-10-01,"165,9"
1988-10-01,"155,4"
1988-10-01,"102,6"
1988-11-01,"165,4"
1988-11-01,"168,5"
1988-11-01,"103,8"
1988-11-01,"157,6"
1988-12-01,"173,9"
1988-12-01,"104,9"
1988-12-01,"160,2"
1988-12-01,"173,9"
1989-01-01,"183,2"
1989-01-01,"183,2"
1989-01-01,111
1989-01-01,111
1989-02-01,"119,8"
1989-02-01,"170,3"
1989-02-01,"176,2"
1989-02-01,"107,9"
1989-03-01,"108,1"
1989-03-01,"174,2"
1989-03-01,"175,5"
1989-03-01,"129,4"
1989-04-01,"176,1"
1989-04-01,"142,1"
1989-04-01,"109,8"
1989-04-01,"177,8"
1989-05-01,"185,4"
1989-05-01,"152,3"
1989-05-01,"107,2"
1989-05-01,"178,2"
1989-06-01,"106,1"
1989-06-01,"180,7"
1989-06-01,"161,6"
1989-06-01,"191,3"
1989-07-01,"109,5"
1989-07-01,"184,4"
1989-07-01,"177,1"
1989-07-01,"203,9"
1989-08-01,"139,5"
1989-08-01,"282,7"
1989-08-01,"198,1"
1989-08-01,247
1989-09-01,"134,4"
1989-09-01,"369,2"
1989-09-01,"219,6"
1989-09-01,"331,6"
1989-10-01,"513,2"
1989-10-01,"154,8"
1989-10-01,"258,1"
1989-10-01,"557,1"
1989-11-01,"628,2"
1989-11-01,"300,3"
1989-11-01,"122,4"
1989-11-01,657
1989-12-01,"351,1"
1989-12-01,"117,7"
1989-12-01,"739,6"
1989-12-01,"739,6"
1990-01-01,"179,6"
1990-01-01,"179,6"
1990-01-01,"1107,6"
1990-01-01,"1107,6"
1990-02-01,"222,5"
1990-02-01,"1283,1"
1990-02-01,"1198,3"
1990-02-01,"123,8"
1990-03-01,"1210,7"
1990-03-01,232
1990-03-01,"1232,8"
1990-03-01,"104,3"
1990-04-01,"249,4"
1990-04-01,"1208,5"
1990-04-01,"107,5"
1990-04-01,"1202,9"
1990-05-01,"104,6"
1990-05-01,"1176,5"
1990-05-01,"1201,1"
1990-05-01,"260,9"
1990-06-01,"1191,2"
1990-06-01,"269,8"
1990-06-01,"103,4"
1990-06-01,"1151,2"
1990-07-01,1094
1990-07-01,"279,5"
1990-07-01,"103,6"
1990-07-01,1174
1990-08-01,"848,5"
1990-08-01,"1112,6"
1990-08-01,"284,6"
1990-08-01,"101,8"
1990-09-01,"1020,4"
1990-09-01,"297,7"
1990-09-01,"104,6"
1990-09-01,658
1990-10-01,"887,1"
1990-10-01,"314,6"
1990-10-01,"105,7"
1990-10-01,456
1990-11-01,"773,6"
1990-11-01,"385,9"
1990-11-01,"104,9"
1990-11-01,330
1990-12-01,"349,3"
1990-12-01,"349,3"
1990-12-01,"105,9"
1990-12-01,"685,8"
1991-01-01,"112,7"
1991-01-01,"194,9"
1991-01-01,"112,7"
1991-01-01,"194,9"
1991-02-01,"186,9"
1991-02-01,"106,7"
1991-02-01,180
1991-02-01,"120,3"
1991-03-01,"185,1"
1991-03-01,"181,8"
1991-03-01,"125,7"
1991-03-01,"104,5"
1991-04-01,"181,1"
1991-04-01,"129,1"
1991-04-01,"102,7"
1991-04-01,171
1991-05-01,"102,7"
1991-05-01,"167,8"
1991-05-01,178
1991-05-01,"132,6"
1991-06-01,139
1991-06-01,"104,9"
1991-06-01,"177,1"
1991-06-01,"172,4"
1991-07-01,"100,1"
1991-07-01,"168,3"
1991-07-01,"175,6"
1991-07-01,"139,1"
1991-08-01,"174,5"
1991-08-01,"100,6"
1991-08-01,"167,6"
1991-08-01,140
1991-09-01,"173,6"
1991-09-01,"104,3"
1991-09-01,"167,1"
1991-09-01,146
1991-10-01,"150,7"
1991-10-01,"172,5"
1991-10-01,"164,8"
1991-10-01,"103,2"
1991-11-01,"155,5"
1991-11-01,"162,7"
1991-11-01,"103,2"
1991-11-01,"171,4"
1991-12-01,"160,4"
1991-12-01,"170,3"
1991-12-01,"103,1"
1991-12-01,"160,4"
1992-01-01,"107,5"
1992-01-01,"107,5"
1992-01-01,"145,4"
1992-01-01,"145,4"
1992-02-01,"109,4"
1992-02-01,"101,8"
1992-02-01,"142,7"
1992-02-01,"140,1"
1992-03-01,102
1992-03-01,"141,1"
1992-03-01,"138,1"
1992-03-01,"111,6"
1992-04-01,"115,7"
1992-04-01,"103,7"
1992-04-01,"140,2"
1992-04-01,"140,8"
1992-05-01,"143,2"
1992-05-01,"120,4"
1992-05-01,"141,3"
1992-05-01,104
1992-06-01,139
1992-06-01,"122,4"
1992-06-01,"140,9"
1992-06-01,"101,6"
1992-07-01,"141,3"
1992-07-01,124
1992-07-01,141
1992-07-01,"101,4"
1992-08-01,"127,4"
1992-08-01,"141,4"
1992-08-01,"144,3"
1992-08-01,"102,7"
1992-09-01,"105,3"
1992-09-01,"146,5"
1992-09-01,"134,1"
1992-09-01,142
1992-10-01,103
1992-10-01,"138,1"
1992-10-01,"146,4"
1992-10-01,"142,5"
1992-11-01,"102,3"
1992-11-01,"141,2"
1992-11-01,"142,8"
1992-11-01,"145,4"
1992-12-01,143
1992-12-01,"144,3"
1992-12-01,"144,3"
1992-12-01,"102,2"
1993-01-01,"137,5"
1993-01-01,"104,1"
1993-01-01,"104,1"
1993-01-01,"137,5"
1993-02-01,"139,7"
1993-02-01,"107,6"
1993-02-01,"138,6"
1993-02-01,"103,4"
1993-03-01,"102,1"
1993-03-01,"109,9"
1993-03-01,"139,7"
1993-03-01,139
1993-04-01,"112,4"
1993-04-01,"138,1"
1993-04-01,"102,3"
1993-04-01,"138,7"
1993-05-01,"135,8"
1993-05-01,"114,5"
1993-05-01,"138,1"
1993-05-01,"101,8"
1993-06-01,"134,3"
1993-06-01,116
1993-06-01,"137,4"
1993-06-01,"101,4"
1993-07-01,"134,8"
1993-07-01,"117,3"
1993-07-01,137
1993-07-01,"101,1"
1993-08-01,"134,4"
1993-08-01,"136,7"
1993-08-01,120
1993-08-01,"102,3"
1993-09-01,131
1993-09-01,136
1993-09-01,123
1993-09-01,"102,5"
1993-10-01,"125,3"
1993-10-01,"129,8"
1993-10-01,"135,3"
1993-10-01,"101,9"
1993-11-01,"130,4"
1993-11-01,104
1993-11-01,133
1993-11-01,135
1993-12-01,"105,6"
1993-12-01,"137,6"
1993-12-01,"135,3"
1993-12-01,"137,6"
1994-01-01,"132,4"
1994-01-01,"132,4"
1994-01-01,"101,8"
1994-01-01,"101,8"
1994-02-01,"101,1"
1994-02-01,"102,9"
1994-02-01,"131,1"
1994-02-01,"129,9"
1994-03-01,102
1994-03-01,105
1994-03-01,"130,8"
1994-03-01,"130,2"
1994-04-01,"102,9"
1994-04-01,"131,2"
1994-04-01,108
1994-04-01,"130,9"
1994-05-01,"131,2"
1994-05-01,"109,9"
1994-05-01,131
1994-05-01,"101,7"
1994-06-01,"131,3"
1994-06-01,"132,7"
1994-06-01,"112,4"
1994-06-01,"102,3"
1994-07-01,"114,1"
1994-07-01,"131,5"
1994-07-01,"101,5"
1994-07-01,"132,8"
1994-08-01,"132,2"
1994-08-01,116
1994-08-01,"101,7"
1994-08-01,"131,6"
1994-09-01,"121,3"
1994-09-01,132
1994-09-01,"104,5"
1994-09-01,"134,6"
1994-10-01,"102,9"
1994-10-01,"136,1"
1994-10-01,"132,4"
1994-10-01,"124,8"
1994-11-01,"127,1"
1994-11-01,"101,8"
1994-11-01,"133,5"
1994-11-01,"132,5"
1994-12-01,"129,5"
1994-12-01,"129,5"
1994-12-01,"132,2"
1994-12-01,"101,9"
1995-01-01,"104,1"
1995-01-01,"104,1"
1995-01-01,"132,3"
1995-01-01,"132,3"
1995-02-01,"106,3"
1995-02-01,"133,6"
1995-02-01,133
1995-02-01,"102,1"
1995-03-01,"133,1"
1995-03-01,133
1995-03-01,108
1995-03-01,"101,7"
1995-04-01,"132,4"
1995-04-01,"102,3"
1995-04-01,"132,9"
1995-04-01,"110,5"
1995-05-01,"101,8"
1995-05-01,"132,3"
1995-05-01,"132,8"
1995-05-01,"112,5"
1995-06-01,"113,6"
1995-06-01,101
1995-06-01,"130,3"
1995-06-01,"132,3"
1995-07-01,"99,1"
1995-07-01,"131,6"
1995-07-01,"127,6"
1995-07-01,"112,5"
1995-08-01,"100,4"
1995-08-01,"112,9"
1995-08-01,"125,7"
1995-08-01,"130,8"
1995-09-01,103
1995-09-01,"124,2"
1995-09-01,130
1995-09-01,"116,3"
1995-10-01,"122,4"
1995-10-01,"129,2"
1995-10-01,"118,3"
1995-10-01,"101,8"
1995-11-01,"128,4"
1995-11-01,"119,8"
1995-11-01,"101,3"
1995-11-01,122
1995-12-01,"121,6"
1995-12-01,"101,5"
1995-12-01,"127,8"
1995-12-01,"121,6"
1996-01-01,"103,4"
1996-01-01,121
1996-01-01,"103,4"
1996-01-01,121
1996-02-01,"101,5"
1996-02-01,"120,7"
1996-02-01,"120,4"
1996-02-01,105
1996-03-01,"120,4"
1996-03-01,"120,6"
1996-03-01,"106,6"
1996-03-01,"101,5"
1996-04-01,"108,9"
1996-04-01,"102,2"
1996-04-01,"120,3"
1996-04-01,"120,5"
1996-05-01,"110,3"
1996-05-01,"101,4"
1996-05-01,"119,8"
1996-05-01,"120,4"
1996-06-01,"111,4"
1996-06-01,101
1996-06-01,"120,2"
1996-06-01,"119,5"
1996-07-01,"120,2"
1996-07-01,"111,3"
1996-07-01,"99,9"
1996-07-01,"120,4"
1996-08-01,"111,9"
1996-08-01,"100,5"
1996-08-01,"120,5"
1996-08-01,"120,3"
1996-09-01,114
1996-09-01,"120,2"
1996-09-01,"119,5"
1996-09-01,"101,9"
1996-10-01,"115,5"
1996-10-01,"101,4"
1996-10-01,"120,1"
1996-10-01,"119,5"
1996-11-01,120
1996-11-01,"117,1"
1996-11-01,"101,3"
1996-11-01,"119,1"
1996-12-01,"119,9"
1996-12-01,"101,3"
1996-12-01,"118,5"
1996-12-01,"118,5"
1997-01-01,"102,9"
1997-01-01,"102,9"
1997-01-01,"117,8"
1997-01-01,"117,8"
1997-02-01,"101,1"
1997-02-01,"117,3"
1997-02-01,"117,6"
1997-02-01,104
1997-03-01,"117,2"
1997-03-01,"100,8"
1997-03-01,"116,6"
1997-03-01,"104,9"
1997-04-01,101
1997-04-01,"115,3"
1997-04-01,"105,9"
1997-04-01,"116,7"
1997-05-01,"114,6"
1997-05-01,"116,3"
1997-05-01,"106,6"
1997-05-01,"100,6"
1997-06-01,"115,3"
1997-06-01,"108,2"
1997-06-01,"116,1"
1997-06-01,"101,5"
1997-07-01,"114,9"
1997-07-01,108
1997-07-01,"115,9"
1997-07-01,"99,8"
1997-08-01,"114,5"
1997-08-01,"100,1"
1997-08-01,"115,8"
1997-08-01,"108,1"
1997-09-01,"101,4"
1997-09-01,"109,5"
1997-09-01,"115,5"
1997-09-01,"113,6"
1997-10-01,"101,1"
1997-10-01,"115,3"
1997-10-01,"113,1"
1997-10-01,"110,8"
1997-11-01,"115,1"
1997-11-01,"112,1"
1997-11-01,"101,2"
1997-11-01,"113,2"
1997-12-01,"113,2"
1997-12-01,"113,2"
1997-12-01,101
1997-12-01,"114,9"
1998-01-01,"103,1"
1998-01-01,"103,1"
1998-01-01,"113,6"
1998-01-01,"113,6"
1998-02-01,"104,9"
1998-02-01,"114,2"
1998-02-01,"113,9"
1998-02-01,"101,7"
1998-03-01,"105,5"
1998-03-01,"100,6"
1998-03-01,"113,9"
1998-03-01,"113,9"
1998-04-01,"113,7"
1998-04-01,"106,3"
1998-04-01,"100,7"
1998-04-01,"113,9"
1998-05-01,"106,7"
1998-05-01,"113,7"
1998-05-01,"100,4"
1998-05-01,"113,3"
1998-06-01,"112,2"
1998-06-01,"113,5"
1998-06-01,"107,1"
1998-06-01,"100,4"
1998-07-01,"111,9"
1998-07-01,"106,7"
1998-07-01,"99,6"
1998-07-01,"113,2"
1998-08-01,"111,3"
1998-08-01,106
1998-08-01,113
1998-08-01,"99,4"
1998-09-01,"110,6"
1998-09-01,"112,7"
1998-09-01,"106,9"
1998-09-01,"100,8"
1998-10-01,"107,6"
1998-10-01,"100,6"
1998-10-01,"109,9"
1998-10-01,"112,4"
1998-11-01,"108,1"
1998-11-01,"100,5"
1998-11-01,"112,1"
1998-11-01,"109,2"
1998-12-01,"111,8"
1998-12-01,"108,6"
1998-12-01,"100,4"
1998-12-01,"108,6"
1999-01-01,"101,5"
1999-01-01,"106,9"
1999-01-01,"106,9"
1999-01-01,"101,5"
1999-02-01,"102,1"
1999-02-01,"105,6"
1999-02-01,"106,3"
1999-02-01,"100,6"
1999-03-01,"103,1"
1999-03-01,101
1999-03-01,"106,2"
1999-03-01,"106,2"
1999-04-01,"106,3"
1999-04-01,"100,8"
1999-04-01,"103,9"
1999-04-01,"106,2"
1999-05-01,"106,4"
1999-05-01,"106,3"
1999-05-01,"104,6"
1999-05-01,"100,7"
1999-06-01,"100,2"
1999-06-01,"104,8"
1999-06-01,"106,5"
1999-06-01,"106,3"
1999-07-01,"104,5"
1999-07-01,"99,7"
1999-07-01,"106,3"
1999-07-01,"106,3"
1999-08-01,"105,1"
1999-08-01,"106,4"
1999-08-01,"100,6"
1999-08-01,"107,2"
1999-09-01,108
1999-09-01,"106,6"
1999-09-01,"101,4"
1999-09-01,"106,6"
1999-10-01,"106,8"
1999-10-01,"107,8"
1999-10-01,"101,1"
1999-10-01,"108,7"
1999-11-01,107
1999-11-01,"108,8"
1999-11-01,"109,2"
1999-11-01,"100,9"
1999-12-01,"107,3"
1999-12-01,"100,9"
1999-12-01,"109,8"
1999-12-01,"109,8"
2000-01-01,"101,8"
2000-01-01,"101,8"
2000-01-01,"110,1"
2000-01-01,"110,1"
2000-02-01,"102,7"
2000-02-01,"100,9"
2000-02-01,"110,4"
2000-02-01,"110,3"
2000-03-01,"110,3"
2000-03-01,"103,6"
2000-03-01,"110,3"
2000-03-01,"100,9"
2000-04-01,104
2000-04-01,"100,4"
2000-04-01,"109,8"
2000-04-01,"110,1"
2000-05-01,"104,7"
2000-05-01,"100,7"
2000-05-01,110
2000-05-01,"110,1"
2000-06-01,"100,8"
2000-06-01,"110,1"
2000-06-01,"105,5"
2000-06-01,"110,2"
2000-07-01,"106,2"
2000-07-01,"110,3"
2000-07-01,"100,7"
2000-07-01,"111,6"
2000-08-01,"110,4"
2000-08-01,"110,7"
2000-08-01,"99,7"
2000-08-01,"105,9"
2000-09-01,101
2000-09-01,"110,3"
2000-09-01,"110,4"
2000-09-01,107
2000-10-01,"100,8"
2000-10-01,"109,9"
2000-10-01,"110,3"
2000-10-01,"107,8"
2000-11-01,"108,2"
2000-11-01,"100,4"
2000-11-01,"109,3"
2000-11-01,"110,2"
2000-12-01,"100,2"
2000-12-01,"108,5"
2000-12-01,"110,1"
2000-12-01,"108,5"
2001-01-01,"100,8"
2001-01-01,"107,4"
2001-01-01,"107,4"
2001-01-01,"100,8"
2001-02-01,"106,6"
2001-02-01,107
2001-02-01,"100,9"
2001-02-01,"100,1"
2001-03-01,"106,2"
2001-03-01,"106,7"
2001-03-01,"101,4"
2001-03-01,"100,5"
2001-04-01,"106,7"
2001-04-01,"102,2"
2001-04-01,"100,8"
2001-04-01,"106,6"
2001-05-01,"103,3"
2001-05-01,"106,9"
2001-05-01,"101,1"
2001-05-01,"106,8"
2001-06-01,"99,9"
2001-06-01,"106,7"
2001-06-01,"106,2"
2001-06-01,"103,2"
2001-07-01,"106,5"
2001-07-01,"99,7"
2001-07-01,"102,8"
2001-07-01,"105,2"
2001-08-01,"99,7"
2001-08-01,"106,3"
2001-08-01,"102,5"
2001-08-01,"105,1"
2001-09-01,"104,3"
2001-09-01,"102,8"
2001-09-01,"106,1"
2001-09-01,"100,3"
2001-10-01,"103,2"
2001-10-01,"105,8"
2001-10-01,"100,4"
2001-10-01,104
2001-11-01,"103,6"
2001-11-01,"103,3"
2001-11-01,"100,1"
2001-11-01,"105,6"
2001-12-01,"105,5"
2001-12-01,"103,6"
2001-12-01,"103,6"
2001-12-01,"100,2"
2002-01-01,"100,8"
2002-01-01,"103,4"
2002-01-01,"103,4"
2002-01-01,"100,8"
2002-02-01,101
2002-02-01,"100,1"
2002-02-01,"103,5"
2002-02-01,"103,4"
2002-03-01,"101,2"
2002-03-01,"100,2"
2002-03-01,"103,4"
2002-03-01,"103,3"
2002-04-01,"100,5"
2002-04-01,103
2002-04-01,"101,7"
2002-04-01,"103,3"
2002-05-01,"101,9"
2002-05-01,"101,5"
2002-05-01,103
2002-05-01,"99,8"
2002-06-01,"101,6"
2002-06-01,"101,1"
2002-06-01,"102,8"
2002-06-01,"99,6"
2002-07-01,"100,6"
2002-07-01,"101,3"
2002-07-01,"102,5"
2002-07-01,"99,5"
2002-08-01,"100,2"
2002-08-01,"102,4"
2002-08-01,"99,6"
2002-08-01,"101,2"
2002-09-01,"100,3"
2002-09-01,"102,3"
2002-09-01,"101,3"
2002-09-01,"100,6"
2002-10-01,"101,1"
2002-10-01,"102,1"
2002-10-01,"100,9"
2002-10-01,"100,3"
2002-11-01,"100,8"
2002-11-01,"99,9"
2002-11-01,102
2002-11-01,"100,9"
2002-12-01,"100,1"
2002-12-01,"101,9"
2002-12-01,"100,8"
2002-12-01,"100,8"
2003-01-01,"100,4"
2003-01-01,"100,5"
2003-01-01,"100,4"
2003-01-01,"100,5"
2003-02-01,"100,5"
2003-02-01,"100,5"
2003-02-01,"100,1"
2003-02-01,"100,5"
2003-03-01,"100,8"
2003-03-01,"100,3"
2003-03-01,"100,6"
2003-03-01,"100,5"
2003-04-01,101
2003-04-01,"100,3"
2003-04-01,"100,2"
2003-04-01,"100,4"
2003-05-01,"100,4"
2003-05-01,101
2003-05-01,"100,4"
2003-05-01,100
2003-06-01,"100,8"
2003-06-01,"100,8"
2003-06-01,"100,5"
2003-06-01,"99,9"
2003-07-01,"100,5"
2003-07-01,"100,8"
2003-07-01,"100,5"
2003-07-01,"99,6"
2003-08-01,"100,1"
2003-08-01,"100,5"
2003-08-01,"100,7"
2003-08-01,"99,6"
2003-09-01,"100,5"
2003-09-01,"100,9"
2003-09-01,"100,6"
2003-09-01,"100,6"
2003-10-01,"100,7"
2003-10-01,"101,3"
2003-10-01,"100,6"
2003-10-01,"101,2"
2003-11-01,"101,5"
2003-11-01,"101,6"
2003-11-01,"100,7"
2003-11-01,"100,3"
2003-12-01,"101,7"
2003-12-01,"101,7"
2003-12-01,"100,2"
2003-12-01,"100,8"
2004-01-01,"100,4"
2004-01-01,"100,4"
2004-01-01,"101,6"
2004-01-01,"101,6"
2004-02-01,"101,6"
2004-02-01,"101,6"
2004-02-01,"100,5"
2004-02-01,"100,1"
2004-03-01,"101,6"
2004-03-01,"100,8"
2004-03-01,"101,7"
2004-03-01,"100,3"
2004-04-01,"101,8"
2004-04-01,"101,6"
2004-04-01,"100,8"
2004-04-01,"102,2"
2004-05-01,101
2004-05-01,"103,4"
2004-05-01,"102,6"
2004-05-01,"102,1"
2004-06-01,"104,4"
2004-06-01,"103,5"
2004-06-01,"100,9"
2004-06-01,"102,5"
2004-07-01,"104,6"
2004-07-01,"103,4"
2004-07-01,"99,9"
2004-07-01,"102,8"
2004-08-01,"104,6"
2004-08-01,103
2004-08-01,103
2004-08-01,"99,6"
2004-09-01,"103,2"
2004-09-01,"103,3"
2004-09-01,"104,4"
2004-09-01,"100,3"
2004-10-01,"103,3"
2004-10-01,104
2004-10-01,"104,5"
2004-10-01,"100,6"
2004-11-01,"104,5"
2004-11-01,"103,4"
2004-11-01,"104,3"
2004-11-01,"100,3"
2004-12-01,"100,1"
2004-12-01,"104,4"
2004-12-01,"103,5"
2004-12-01,"104,4"
2005-01-01,"103,7"
2005-01-01,"100,1"
2005-01-01,"100,1"
2005-01-01,"103,7"
2005-02-01,100
2005-02-01,"99,9"
2005-02-01,"103,6"
2005-02-01,"103,7"
2005-03-01,"100,2"
2005-03-01,"100,1"
2005-03-01,"103,4"
2005-03-01,"103,6"
2005-04-01,"103,4"
2005-04-01,"100,5"
2005-04-01,"100,4"
2005-04-01,103
2005-05-01,"100,8"
2005-05-01,"100,3"
2005-05-01,"102,5"
2005-05-01,"103,2"
2005-06-01,"102,9"
2005-06-01,"99,8"
2005-06-01,"101,4"
2005-06-01,"100,6"
2005-07-01,"102,7"
2005-07-01,"101,3"
2005-07-01,"99,8"
2005-07-01,"100,4"
2005-08-01,"102,5"
2005-08-01,"100,3"
2005-08-01,"99,9"
2005-08-01,"101,6"
2005-09-01,"102,5"
2005-09-01,"100,7"
2005-09-01,"101,8"
2005-09-01,"100,4"
2005-10-01,"100,4"
2005-10-01,"101,1"
2005-10-01,"101,6"
2005-10-01,"102,4"
2005-11-01,"99,8"
2005-11-01,"102,2"
2005-11-01,"100,9"
2005-11-01,101
2005-12-01,"102,1"
2005-12-01,"100,7"
2005-12-01,"99,8"
2005-12-01,"100,7"
2006-01-01,"100,2"
2006-01-01,"100,6"
2006-01-01,"100,6"
2006-01-01,"100,2"
2006-02-01,"100,7"
2006-02-01,"100,2"
2006-02-01,"100,6"
2006-02-01,100
2006-03-01,"99,9"
2006-03-01,"100,1"
2006-03-01,"100,6"
2006-03-01,"100,4"
2006-04-01,"100,6"
2006-04-01,"100,7"
2006-04-01,"100,8"
2006-04-01,"100,7"
2006-05-01,"100,9"
2006-05-01,"101,3"
2006-05-01,"100,5"
2006-05-01,"100,7"
2006-06-01,"100,8"
2006-06-01,"100,7"
2006-06-01,"99,7"
2006-06-01,101
2006-07-01,"100,7"
2006-07-01,"101,1"
2006-07-01,101
2006-07-01,100
2006-08-01,"101,3"
2006-08-01,"100,8"
2006-08-01,"100,3"
2006-08-01,"101,6"
2006-09-01,"100,9"
2006-09-01,"101,6"
2006-09-01,"101,5"
2006-09-01,"100,2"
2006-10-01,101
2006-10-01,"101,2"
2006-10-01,"101,6"
2006-10-01,"100,1"
2006-11-01,100
2006-11-01,"101,6"
2006-11-01,101
2006-11-01,"101,4"
2006-12-01,"101,4"
2006-12-01,"101,4"
2006-12-01,"99,8"
2006-12-01,101
2007-01-01,"101,6"
2007-01-01,"101,6"
2007-01-01,"100,4"
2007-01-01,"100,4"
2007-02-01,"101,9"
2007-02-01,"100,3"
2007-02-01,"100,7"
2007-02-01,"101,7"
2007-03-01,"100,5"
2007-03-01,"102,5"
2007-03-01,"101,1"
2007-03-01,102
2007-04-01,"102,3"
2007-04-01,"101,6"
2007-04-01,"100,5"
2007-04-01,"102,1"
2007-05-01,"102,2"
2007-05-01,"100,5"
2007-05-01,"102,3"
2007-05-01,"102,1"
2007-06-01,100
2007-06-01,"102,2"
2007-06-01,"102,6"
2007-06-01,"102,2"
2007-07-01,"102,3"
2007-07-01,"101,9"
2007-07-01,"102,2"
2007-07-01,"99,7"
2007-08-01,"101,6"
2007-08-01,"99,6"
2007-08-01,"102,1"
2007-08-01,"101,5"
2007-09-01,"102,1"
2007-09-01,"102,3"
2007-09-01,"102,3"
2007-09-01,"100,8"
2007-10-01,"102,2"
2007-10-01,103
2007-10-01,103
2007-10-01,"100,6"
2007-11-01,"100,7"
2007-11-01,"102,3"
2007-11-01,"103,7"
2007-11-01,"103,6"
2007-12-01,104
2007-12-01,"102,5"
2007-12-01,104
2007-12-01,"100,3"
2008-01-01,"100,7"
2008-01-01,104
2008-01-01,"100,7"
2008-01-01,104
2008-02-01,"104,1"
2008-02-01,"104,2"
2008-02-01,"101,1"
2008-02-01,"100,4"
2008-03-01,"100,4"
2008-03-01,"101,5"
2008-03-01,"104,1"
2008-03-01,"104,1"
2008-04-01,"101,8"
2008-04-01,"104,1"
2008-04-01,104
2008-04-01,"100,4"
2008-05-01,"102,6"
2008-05-01,"100,8"
2008-05-01,"104,1"
2008-05-01,"104,4"
2008-06-01,"100,2"
2008-06-01,"102,9"
2008-06-01,"104,6"
2008-06-01,"104,2"
2008-07-01,"104,8"
2008-07-01,"102,8"
2008-07-01,100
2008-07-01,"104,3"
2008-08-01,"102,4"
2008-08-01,"99,6"
2008-08-01,"104,8"
2008-08-01,"104,4"
2008-09-01,"100,3"
2008-09-01,"104,5"
2008-09-01,"104,4"
2008-09-01,"102,8"
2008-10-01,"103,2"
2008-10-01,"104,2"
2008-10-01,"100,4"
2008-10-01,"104,4"
2008-11-01,"100,2"
2008-11-01,"103,7"
2008-11-01,"104,3"
2008-11-01,"103,4"
2008-12-01,"103,3"
2008-12-01,"99,9"
2008-12-01,"103,3"
2008-12-01,"104,2"
2009-01-01,"102,8"
2009-01-01,"100,5"
2009-01-01,"100,5"
2009-01-01,"102,8"
2009-02-01,"103,3"
2009-02-01,"101,3"
2009-02-01,"100,9"
2009-02-01,"103,1"
2009-03-01,"100,7"
2009-03-01,"103,6"
2009-03-01,102
2009-03-01,"103,3"
2009-04-01,"103,4"
2009-04-01,"102,7"
2009-04-01,"100,7"
2009-04-01,104
2009-05-01,"103,5"
2009-05-01,"103,2"
2009-05-01,"100,5"
2009-05-01,"103,6"
2009-06-01,"103,4"
2009-06-01,"100,2"
2009-06-01,"103,5"
2009-06-01,"103,5"
2009-07-01,"103,6"
2009-07-01,"103,5"
2009-07-01,"100,1"
2009-07-01,"103,5"
2009-08-01,"103,5"
2009-08-01,"99,6"
2009-08-01,"103,7"
2009-08-01,"103,1"
2009-09-01,"103,5"
2009-09-01,"103,1"
2009-09-01,"103,4"
2009-09-01,100
2009-10-01,"103,3"
2009-10-01,"103,1"
2009-10-01,"103,5"
2009-10-01,"100,1"
2009-11-01,"100,3"
2009-11-01,"103,5"
2009-11-01,"103,5"
2009-11-01,"103,3"
2009-12-01,100
2009-12-01,"103,5"
2009-12-01,"103,5"
2009-12-01,"103,5"
2010-01-01,"103,5"
2010-01-01,"100,6"
2010-01-01,"100,6"
2010-01-01,"103,5"
2010-02-01,"100,9"
2010-02-01,"100,2"
2010-02-01,"103,2"
2010-02-01,"102,9"
2010-03-01,103
2010-03-01,"101,2"
2010-03-01,"102,6"
2010-03-01,"100,3"
2010-04-01,"101,6"
2010-04-01,"102,8"
2010-04-01,"100,4"
2010-04-01,"102,4"
2010-05-01,"100,3"
2010-05-01,"102,2"
2010-05-01,"102,7"
2010-05-01,"101,9"
2010-06-01,"102,6"
2010-06-01,"102,2"
2010-06-01,"100,3"
2010-06-01,"102,3"
2010-07-01,102
2010-07-01,"102,6"
2010-07-01,"99,8"
2010-07-01,102
2010-08-01,102
2010-08-01,"101,5"
2010-08-01,"102,5"
2010-08-01,"99,6"
2010-09-01,"102,5"
2010-09-01,"102,1"
2010-09-01,"100,6"
2010-09-01,"102,5"
2010-10-01,"100,5"
2010-10-01,"102,6"
2010-10-01,"102,5"
2010-10-01,"102,8"
2010-11-01,"102,5"
2010-11-01,"102,7"
2010-11-01,"100,1"
2010-11-01,"102,8"
2010-12-01,"100,4"
2010-12-01,"103,1"
2010-12-01,"103,1"
2010-12-01,"102,6"
2011-01-01,"101,2"
2011-01-01,"101,2"
2011-01-01,"103,6"
2011-01-01,"103,6"
2011-02-01,"103,6"
2011-02-01,"100,2"
2011-02-01,"103,6"
2011-02-01,"101,4"
2011-03-01,"103,8"
2011-03-01,"102,3"
2011-03-01,"100,9"
2011-03-01,"104,3"
2011-04-01,104
2011-04-01,"102,9"
2011-04-01,"100,5"
2011-04-01,"104,5"
2011-05-01,"100,6"
2011-05-01,105
2011-05-01,"104,2"
2011-05-01,"103,5"
2011-06-01,"103,1"
2011-06-01,"99,6"
2011-06-01,"104,2"
2011-06-01,"104,2"
2011-07-01,"102,8"
2011-07-01,"104,2"
2011-07-01,"99,7"
2011-07-01,"104,1"
2011-08-01,"102,7"
2011-08-01,"104,2"
2011-08-01,100
2011-08-01,"104,3"
2011-09-01,"104,2"
2011-09-01,"103,9"
2011-09-01,"102,8"
2011-09-01,"100,1"
2011-10-01,"100,7"
2011-10-01,"103,5"
2011-10-01,"104,3"
2011-10-01,"104,2"
2011-11-01,"104,8"
2011-11-01,"104,2"
2011-11-01,"100,7"
2011-11-01,"104,2"
2011-12-01,"100,4"
2011-12-01,"104,3"
2011-12-01,"104,6"
2011-12-01,"104,6"
2012-01-01,"100,7"
2012-01-01,"100,7"
2012-01-01,"104,1"
2012-01-01,"104,1"
2012-02-01,"104,2"
2012-02-01,"104,3"
2012-02-01,"100,4"
2012-02-01,"101,1"
2012-03-01,"104,1"
2012-03-01,"100,5"
2012-03-01,"101,7"
2012-03-01,"103,9"
2012-04-01,"104,1"
2012-04-01,"102,2"
2012-04-01,104
2012-04-01,"100,6"
2012-05-01,104
2012-05-01,"102,4"
2012-05-01,"100,2"
2012-05-01,"103,6"
2012-06-01,"100,2"
2012-06-01,"102,6"
2012-06-01,104
2012-06-01,"104,3"
2012-07-01,104
2012-07-01,"102,1"
2012-07-01,"99,5"
2012-07-01,104
2012-08-01,"101,8"
2012-08-01,"99,7"
2012-08-01,"103,8"
2012-08-01,104
2012-09-01,"100,1"
2012-09-01,"103,8"
2012-09-01,104
2012-09-01,"101,9"
2012-10-01,"102,3"
2012-10-01,"103,4"
2012-10-01,"100,4"
2012-10-01,"103,9"
2012-11-01,"102,3"
2012-11-01,"100,1"
2012-11-01,"103,8"
2012-11-01,"102,8"
2012-12-01,"102,4"
2012-12-01,"103,7"
2012-12-01,"100,1"
2012-12-01,"102,4"
2013-01-01,"100,1"
2013-01-01,"101,7"
2013-01-01,"100,1"
2013-01-01,"101,7"
2013-02-01,100
2013-02-01,100
2013-02-01,"101,3"
2013-02-01,"101,5"
2013-03-01,"100,2"
2013-03-01,"100,2"
2013-03-01,101
2013-03-01,"101,3"
2013-04-01,"101,2"
2013-04-01,"100,4"
2013-04-01,"100,8"
2013-04-01,"100,6"
2013-05-01,"100,5"
2013-05-01,"100,5"
2013-05-01,101
2013-05-01,"99,9"
2013-06-01,100
2013-06-01,"100,2"
2013-06-01,"100,5"
2013-06-01,"100,9"
2013-07-01,"100,8"
2013-07-01,"100,3"
2013-07-01,"101,1"
2013-07-01,"100,9"
2013-08-01,"99,7"
2013-08-01,"101,1"
2013-08-01,"100,5"
2013-08-01,"100,9"
2013-09-01,101
2013-09-01,101
2013-09-01,"100,5"
2013-09-01,"100,1"
2013-10-01,"100,7"
2013-10-01,"100,8"
2013-10-01,"100,9"
2013-10-01,"100,2"
2013-11-01,"100,6"
2013-11-01,"99,8"
2013-11-01,"100,5"
2013-11-01,"100,9"
2013-12-01,"100,7"
2013-12-01,"100,1"
2013-12-01,"100,7"
2013-12-01,"100,9"
2014-01-01,"100,1"
2014-01-01,"100,1"
2014-01-01,"100,5"
2014-01-01,"100,5"
2014-02-01,"100,2"
2014-02-01,"100,1"
2014-02-01,"100,7"
2014-02-01,"100,6"
2014-03-01,"100,7"
2014-03-01,"100,1"
2014-03-01,"100,6"
2014-03-01,"100,3"
2014-04-01,"100,5"
2014-04-01,"100,2"
2014-04-01,100
2014-04-01,"100,3"
2014-05-01,"100,5"
2014-05-01,"99,9"
2014-05-01,"100,1"
2014-05-01,"100,2"
2014-06-01,"100,1"
2014-06-01,100
2014-06-01,"100,4"
2014-06-01,"100,3"
2014-07-01,"99,9"
2014-07-01,"99,8"
2014-07-01,"100,4"
2014-07-01,"99,8"
2014-08-01,"99,6"
2014-08-01,"100,3"
2014-08-01,"99,5"
2014-08-01,"99,7"
2014-09-01,100
2014-09-01,"99,4"
2014-09-01,"100,2"
2014-09-01,"99,7"
2014-10-01,"100,1"
2014-10-01,"99,5"
2014-10-01,"99,4"
2014-10-01,100
2014-11-01,"99,2"
2014-11-01,"99,4"
2014-11-01,"99,8"
2014-11-01,"100,1"
2014-12-01,100
2014-12-01,99
2014-12-01,99
2014-12-01,"99,7"
2015-01-01,"99,8"
2015-01-01,"98,6"
2015-01-01,"98,6"
2015-01-01,"98,9"
2015-01-01,"99,8"
2015-02-01,"99,6"
2015-02-01,"99,9"
2015-02-01,"98,4"
2015-02-01,"98,8"
2015-02-01,"98,5"
2015-03-01,"99,8"
2015-03-01,"100,2"
2015-03-01,"98,5"
2015-03-01,"98,5"
2015-03-01,99
2015-04-01,"100,4"
2015-04-01,"98,6"
2015-04-01,"100,3"
2015-04-01,"99,4"
2015-04-01,"98,9"
2015-05-01,100
2015-05-01,"99,4"
2015-05-01,"98,7"
2015-05-01,"100,3"
2015-05-01,"99,1"
2015-06-01,"99,5"
2015-06-01,"99,2"
2015-06-01,100
2015-06-01,"100,3"
2015-06-01,"98,8"
2015-07-01,"99,3"
2015-07-01,"100,2"
2015-07-01,"98,8"
2015-07-01,"99,4"
2015-07-01,"99,9"
2015-08-01,"99,9"
2015-08-01,99
2015-08-01,"98,9"
2015-08-01,"99,6"
2015-08-01,"99,4"
2015-09-01,"99,6"
2015-09-01,"98,8"
2015-09-01,"98,9"
2015-09-01,"99,7"
2015-09-01,"99,2"
2015-10-01,99
2015-10-01,"100,1"
2015-10-01,"98,9"
2015-10-01,"99,7"
2015-10-01,"99,3"
2015-11-01,99
2015-11-01,"99,4"
2015-11-01,"98,8"
2015-11-01,"99,9"
2015-11-01,"99,6"
2015-12-01,"99,5"
2015-12-01,"99,1"
2015-12-01,"99,5"
2015-12-01,"99,8"
2015-12-01,"98,7"
2016-01-01,"99,1"
2016-01-01,"99,1"
2016-01-01,"99,1"
2016-01-01,"99,5"
2016-01-01,"99,5"
2016-02-01,"99,2"
2016-02-01,"99,4"
2016-02-01,"98,9"
2016-02-01,"99,9"
2016-02-01,"99,1"
2016-03-01,"100,1"
2016-03-01,"99,5"
2016-03-01,"99,1"
2016-03-01,"99,1"
2016-03-01,"99,1"
2016-04-01,"99,3"
2016-04-01,"99,1"
2016-04-01,"99,8"
2016-04-01,"100,3"
2016-04-01,"98,9"
2016-05-01,"99,5"
2016-05-01,"99,1"
2016-05-01,"99,9"
2016-05-01,"100,1"
2016-05-01,"99,1"
2016-06-01,"100,2"
2016-06-01,"99,1"
2016-06-01,"100,1"
2016-06-01,"99,7"
2016-06-01,"99,2"
2016-07-01,"99,8"
2016-07-01,"99,7"
2016-07-01,"99,1"
2016-07-01,"99,1"
2016-07-01,"99,4"
2016-08-01,"99,8"
2016-08-01,"99,2"
2016-08-01,"99,5"
2016-08-01,"99,1"
2016-08-01,"99,1"
2016-09-01,"99,1"
2016-09-01,"99,1"
2016-09-01,"99,5"
2016-09-01,100
2016-09-01,"99,5"
2016-10-01,"100,5"
2016-10-01,"99,8"
2016-10-01,"99,2"
2016-10-01,"100,1"
2016-10-01,"99,6"
2016-11-01,100
2016-11-01,"99,3"
2016-11-01,"99,7"
2016-11-01,"100,1"
2016-11-01,"100,2"
2016-12-01,"100,8"
2016-12-01,"100,7"
2016-12-01,"100,8"
2016-12-01,"99,4"
2016-12-01,"100,4"
2017-01-01,"100,4"
2017-01-01,"101,7"
2017-01-01,"101,4"
2017-01-01,"101,7"
2017-01-01,"100,4"
2017-02-01,"102,2"
2017-02-01,"100,3"
2017-02-01,"101,7"
2017-02-01,102
2017-02-01,"100,7"
2017-03-01,"99,9"
2017-03-01,"100,7"
2017-03-01,102
2017-03-01,102
2017-03-01,"101,6"
2017-04-01,"101,9"
2017-04-01,"100,3"
2017-04-01,102
2017-04-01,"100,9"
2017-04-01,102
2017-05-01,"101,9"
2017-05-01,100
2017-05-01,102
2017-05-01,101
2017-05-01,102
2017-06-01,"99,8"
2017-06-01,"100,8"
2017-06-01,"101,5"
2017-06-01,"101,8"
2017-06-01,"101,9"
2017-07-01,"101,7"
2017-07-01,"101,6"
2017-07-01,"100,6"
2017-07-01,"99,8"
2017-07-01,"101,9"
2017-08-01,"101,8"
2017-08-01,"101,5"
2017-08-01,"100,5"
2017-08-01,"101,9"
2017-08-01,"99,9"
2017-09-01,"101,9"
2017-09-01,"101,9"
2017-09-01,"100,9"
2017-09-01,"102,2"
2017-09-01,"100,4"
2017-10-01,"100,5"
2017-10-01,"101,9"
2017-10-01,"102,4"
2017-10-01,"102,1"
2017-10-01,"101,4"
2017-11-01,"102,5"
2017-11-01,"102,9"
2017-11-01,"101,9"
2017-11-01,102
2017-11-01,"100,5"
2017-12-01,"100,2"
2017-12-01,"102,1"
2017-12-01,"102,1"
2017-12-01,102
2017-12-01,"103,1"
2018-01-01,"101,9"
2018-01-01,"100,3"
2018-01-01,"101,3"
2018-01-01,"100,3"
2018-01-01,"101,9"
2018-02-01,"101,1"
2018-02-01,"101,4"
2018-02-01,"101,6"
2018-02-01,"99,8"
2018-02-01,"100,1"
2018-03-01,"101,3"
2018-03-01,"99,9"
2018-03-01,100
2018-03-01,"101,5"
2018-03-01,101
2018-04-01,"100,5"
2018-04-01,"101,5"
2018-04-01,"101,5"
2018-04-01,"100,5"
2018-04-01,"101,6"
2018-05-01,"100,2"
2018-05-01,"101,7"
2018-05-01,"101,6"
2018-05-01,"100,6"
2018-05-01,"101,7"
2018-06-01,"101,8"
2018-06-01,102
2018-06-01,"100,1"
2018-06-01,"100,7"
2018-06-01,"101,6"
2018-07-01,102
2018-07-01,"100,6"
2018-07-01,"101,6"
2018-07-01,"101,7"
2018-07-01,"99,8"
2018-08-01,"100,5"
2018-08-01,"101,6"
2018-08-01,"101,7"
2018-08-01,100
2018-08-01,102
2018-09-01,"100,7"
2018-09-01,"101,8"
2018-09-01,"101,7"
2018-09-01,"100,2"
2018-09-01,"101,9"
2018-10-01,"101,7"
2018-10-01,"101,8"
2018-10-01,"101,1"
2018-10-01,"102,2"
2018-10-01,"100,4"
2018-11-01,100
2018-11-01,"101,3"
2018-11-01,"101,7"
2018-11-01,"102,2"
2018-11-01,"101,1"
2018-12-01,"101,1"
2018-12-01,100
2018-12-01,"101,1"
2018-12-01,"101,6"
2018-12-01,"102,1"
2019-01-01,"100,4"
2019-01-01,"100,7"
2019-01-01,"99,8"
2019-01-01,"99,8"
2019-01-01,"100,7"
2019-02-01,"100,4"
2019-02-01,"100,2"
2019-02-01,"101,2"
2019-02-01,"100,7"
2019-02-01,101
2019-03-01,"100,3"
2019-03-01,"101,7"
2019-03-01,"100,5"
2019-03-01,"101,2"
2019-03-01,"101,1"
2019-04-01,"102,2"
2019-04-01,"101,1"
2019-04-01,"102,2"
2019-04-01,"101,5"
2019-04-01,"101,6"
2019-05-01,"102,4"
2019-05-01,"102,4"
2019-05-01,"100,2"
2019-05-01,"101,7"
2019-05-01,"101,9"
2019-06-01,"102,2"
2019-06-01,"101,8"
2019-06-01,"100,3"
2019-06-01,"102,6"
2019-06-01,"102,7"
2019-07-01,"102,8"
2019-07-01,100
2019-07-01,"102,9"
2019-07-01,"102,2"
2019-07-01,102
2019-08-01,"102,2"
2019-08-01,"102,8"
2019-08-01,100
2019-08-01,"102,1"
2019-08-01,"102,9"
2019-09-01,"102,2"
2019-09-01,"102,7"
2019-09-01,"102,1"
2019-09-01,100
2019-09-01,"102,6"
2019-10-01,"100,2"
2019-10-01,103
2019-10-01,"102,4"
2019-10-01,"102,5"
2019-10-01,"102,2"
2019-11-01,"100,1"
2019-11-01,"103,1"
2019-11-01,"102,5"
2019-11-01,"102,6"
2019-11-01,"102,2"
2019-12-01,"103,9"
2019-12-01,"103,4"
2019-12-01,"103,4"
2019-12-01,"100,8"
2019-12-01,"102,3"
2020-01-01,"100,9"
2020-01-01,"104,3"
2020-01-01,"104,3"
2020-01-01,"102,4"
2020-01-01,"100,9"
2020-02-01,"100,7"
2020-02-01,"104,5"
2020-02-01,"103,1"
2020-02-01,"104,7"
2020-02-01,"101,6"
2020-03-01,"104,6"
2020-03-01,"101,8"
2020-03-01,"104,5"
2020-03-01,"100,2"
2020-03-01,"103,3"
2020-04-01,"101,7"
2020-04-01,"104,2"
2020-04-01,"99,9"
2020-04-01,"103,3"
2020-04-01,"103,4"
2020-05-01,"102,9"
2020-05-01,"101,5"
2020-05-01,104
2020-05-01,103
2020-05-01,"99,8"
2020-06-01,"100,6"
2020-06-01,"103,3"
2020-06-01,"103,7"
2020-06-01,"102,1"
2020-06-01,"103,9"
2020-07-01,103
2020-07-01,"103,5"
2020-07-01,"101,9"
2020-07-01,"103,7"
2020-07-01,"99,8"
2020-08-01,"103,3"
2020-08-01,"99,9"
2020-08-01,"101,8"
2020-08-01,"102,9"
2020-08-01,"103,6"
2020-09-01,"100,2"
2020-09-01,102
2020-09-01,"103,6"
2020-09-01,"103,6"
2020-09-01,"103,2"
2020-10-01,"102,2"
2020-10-01,"103,5"
2020-10-01,"103,1"
2020-10-01,"103,7"
2020-10-01,"100,1"
2020-11-01,"102,2"
2020-11-01,"100,1"
2020-11-01,103
2020-11-01,"103,5"
2020-11-01,"103,8"
2020-12-01,"102,4"
2020-12-01,"100,1"
2020-12-01,"102,4"
2020-12-01,"103,4"
2020-12-01,"103,9"
2021-01-01,"101,8"
2021-01-01,"102,6"
2021-01-01,"102,6"
2021-01-01,"101,3"
2021-01-01,"101,3"
2021-02-01,"102,5"
2021-02-01,"102,4"
2021-02-01,"102,3"
2021-02-01,"101,8"
2021-02-01,"100,5"
2021-03-01,"103,2"
2021-03-01,"102,8"
2021-03-01,"102,7"
2021-03-01,101
2021-03-01,"103,3"
2021-04-01,"104,1"
2021-04-01,"103,1"
2021-04-01,"103,6"
2021-04-01,"100,8"
2021-04-01,"104,3"
2021-05-01,"104,4"
2021-05-01,"103,5"
2021-05-01,"103,9"
2021-05-01,"100,3"
2021-05-01,"104,7"
2021-06-01,"100,1"
2021-06-01,"103,6"
2021-06-01,104
2021-06-01,"104,5"
2021-06-01,"104,4"
2021-07-01,"104,5"
2021-07-01,"100,4"
2021-07-01,"103,8"
2021-07-01,105
2021-07-01,105
2021-08-01,"100,3"
2021-08-01,"105,3"
2021-08-01,"104,8"
2021-08-01,104
2021-08-01,"105,5"
2021-09-01,"105,5"
2021-09-01,106
2021-09-01,"104,2"
2021-09-01,"100,7"
2021-09-01,"105,9"
2021-10-01,"101,1"
2021-10-01,"104,5"
2021-10-01,"106,6"
2021-10-01,"106,8"
2021-10-01,"107,1"
2021-11-01,101
2021-11-01,"107,6"
2021-11-01,"107,8"
2021-11-01,"108,2"
2021-11-01,"104,8"
2021-12-01,"109,2"
2021-12-01,"108,6"
2021-12-01,"108,6"
2021-12-01,"100,9"
2021-12-01,"105,1"
2022-01-01,106
2022-01-01,"109,4"
2022-01-01,"109,4"
2022-01-01,"101,9"
2022-01-01,"101,9"
2022-02-01,"99,7"
2022-02-01,"105,6"
2022-02-01,"101,6"
2022-02-01,"108,5"
2022-02-01,109
2022-03-01,"103,3"
2022-03-01,"109,1"
2022-03-01,"104,9"
2022-03-01,111
2022-03-01,"109,7"
2022-04-01,102
2022-04-01,107
2022-04-01,"110,3"
2022-04-01,"112,4"
2022-04-01,"111,3"
2022-05-01,"111,1"
2022-05-01,"108,8"
2022-05-01,"101,7"
2022-05-01,"113,1"
2022-05-01,"113,9"
2022-06-01,"111,8"
2022-06-01,"101,5"
2022-06-01,"115,5"
2022-06-01,"114,8"
2022-06-01,"110,4"
2022-07-01,"100,5"
2022-07-01,"115,4"
2022-07-01,"110,9"
2022-07-01,"112,4"
2022-07-01,"115,6"
2022-08-01,"111,8"
2022-08-01,"100,8"
2022-08-01,"116,3"
2022-08-01,"112,8"
2022-08-01,"116,1"
2022-09-01,"118,1"
2022-09-01,"113,3"
2022-09-01,"113,6"
2022-09-01,"117,2"
2022-09-01,"101,6"
2022-10-01,"113,8"
2022-10-01,"101,8"
2022-10-01,"120,2"
2022-10-01,"115,6"
2022-10-01,"117,9"
2022-11-01,"100,7"
2022-11-01,"117,5"
2022-11-01,"121,1"
2022-11-01,"114,1"
2022-11-01,"116,4"
2022-12-01,"116,6"
2022-12-01,"114,4"
2022-12-01,"121,2"
2022-12-01,"100,1"
2022-12-01,"116,6"
2023-01-01,"108,6"
2023-01-01,"102,5"
2023-01-01,"116,6"
2023-01-01,"116,6"
2023-01-01,"102,5"
2023-02-01,"103,8"
2023-02-01,"101,2"
2023-02-01,"117,5"
2023-02-01,"109,9"
2023-02-01,"118,4"
2023-03-01,"116,1"
2023-03-01,117
2023-03-01,"111,2"
2023-03-01,"101,1"
2023-03-01,"104,9"
2023-04-01,"114,7"
2023-04-01,"100,7"
2023-04-01,"116,4"
2023-04-01,"111,9"
2023-04-01,"105,7"
2023-05-01,113
2023-05-01,"105,7"
2023-05-01,100
2023-05-01,"115,7"
2023-05-01,112
2023-06-01,"105,7"
2023-06-01,115
2023-06-01,100
2023-06-01,"111,5"
2023-06-01,112
2023-07-01,"105,5"
2023-07-01,"99,8"
2023-07-01,"111,7"
2023-07-01,"114,4"
2023-07-01,"110,8"
2023-08-01,"110,1"
2023-08-01,"105,5"
2023-08-01,"111,8"
2023-08-01,100
2023-08-01,"113,8"
2023-09-01,"105,1"
2023-09-01,"111,3"
2023-09-01,"113,2"
2023-09-01,"99,6"
2023-09-01,"108,2"
2023-10-01,"100,3"
2023-10-01,"111,6"
2023-10-01,"106,6"
2023-10-01,"112,5"
2023-10-01,"105,3"
2023-11-01,"100,7"
2023-11-01,"106,6"
2023-11-01,"111,9"
2023-11-01,"112,3"
2023-11-01,"106,1"
2023-12-01,"106,2"
2023-12-01,"100,1"
2023-12-01,"106,2"
2023-12-01,"111,4"
2023-12-01,"112,4"
2024-01-01,"101,3"
2024-01-01,"100,4"
2024-01-01,"100,4"
2024-01-01,"103,7"
2024-01-01,"103,7"
2024-02-01,"103,3"
2024-02-01,"102,8"
2024-02-01,"101,6"
2024-02-01,"100,3"
2024-02-01,"100,7"
2024-03-01,"100,2"
2024-03-01,"102,8"
2024-03-01,102
2024-03-01,"100,9"
2024-03-01,"101,8"
2024-04-01,"101,1"
2024-04-01,"102,4"
2024-04-01,"102,7"
2024-04-01,102
2024-04-01,"102,9"
2024-05-01,"102,7"
2024-05-01,"102,1"
2024-05-01,103
2024-05-01,"100,1"
2024-05-01,"102,5"
2024-06-01,"102,2"
2024-06-01,"103,1"
2024-06-01,"102,6"
2024-06-01,"102,7"
2024-06-01,"100,1"
2024-07-01,"102,9"
2024-07-01,"103,7"
2024-07-01,"104,2"
2024-07-01,"104,6"
2024-07-01,"101,4"
2024-08-01,"103,1"
2024-08-01,"103,8"
2024-08-01,"100,1"
2024-08-01,"104,3"
2024-08-01,"104,7"
2024-09-01,"104,7"
2024-09-01,"104,9"
2024-09-01,"103,3"
2024-09-01,"100,1"
2024-09-01,"103,8"
2024-10-01,"105,1"
2024-10-01,"103,4"
2024-10-01,"104,2"
2024-10-01,"100,3"
2024-10-01,105
2024-11-01,"103,5"
2024-11-01,"104,7"
2024-11-01,"100,5"
2024-11-01,"105,5"
2024-11-01,"104,6"
2024-12-01,"104,7"
2024-12-01,100
2024-12-01,"104,7"
2024-12-01,"105,6"
2024-12-01,"103,6"
2025-01-01,"102,7"
2025-01-01,101
2025-01-01,"104,9"
2025-01-01,"104,9"
2025-01-01,101
2025-02-01,103
2025-02-01,"101,3"
2025-02-01,"100,3"
2025-02-01,"104,9"
2025-02-01,"104,9"
2025-03-01,"101,5"
2025-03-01,"100,2"
2025-03-01,"104,9"
2025-03-01,"104,9"
2025-03-01,"103,2"
2025-04-01,"101,9"
2025-04-01,"104,3"
2025-04-01,"100,4"
2025-04-01,"104,8"
2025-04-01,"103,6"
2025-05-01,"101,7"
2025-05-01,104
2025-05-01,"104,6"
2025-05-01,"99,8"
2025-05-01,"103,4"
2025-06-01,"104,1"
2025-06-01,"101,8"
2025-06-01,"104,5"
2025-06-01,"100,1"
2025-06-01,"103,6"
2025-07-01,"103,9"
2025-07-01,"100,3"
2025-07-01,"102,2"
2025-07-01,"104,3"
2025-07-01,"103,1"
2025-08-01,100
2025-08-01,"102,2"
2025-08-01,"103,9"
2025-08-01,"104,1"
2025-08-01,"102,9"
2025-09-01,"102,2"
2025-09-01,104
2025-09-01,"103,9"
2025-09-01,"102,9"
2025-09-01,100
2025-10-01,104
2025-10-01,"102,8"
2025-10-01,"102,3"
2025-10-01,"100,1"
2025-10-01,"103,9"
2025-11-01,"104,1"
2025-11-01,"102,5"
2025-11-01,"103,7"
2025-11-01,"102,4"
2025-11-01,"100,1"
2025-12-01,
2025-12-01,
2025-12-01,
2025-12-01,
2025-12-01,
